3.444227417607483299e-01,2.579544029403024741e-01,-7.942841916915499567e-02,-2.410832495028825961e-01,1.102615865279897404e-02,-9.869989665114141386e-02,2.593719997884130213e-01,-2.303114605941152804e-01,-2.340289900070000040e-02,1.218125811300779099e-01,4.024746395469366300e-01,5.853571838116022191e-02,-2.181621556002961704e-01,2.558596250386557802e-01,9.973583126965990253e-02,-2.494936586375594567e-01,4.097462559682401029e-01,4.827854760004536838e-01,3.100792491006514329e-01,3.820844080837602075e-01,-1.898533140084668613e-01,2.264227948587851369e-01,3.988382879677821458e-01,1.970827458970723367e-01,-2.785728454728664261e-02,-3.394930111158302455e-01,-6.348043755545655642e-02,1.108869734439358601e-01,4.257075752160150439e-01,4.596042133128332430e-01,-2.300023743397791240e-02,3.670405169794401234e-01,-2.395076896085740759e-01,3.069568928437443334e-01,4.869930383558929154e-02,-4.859582998359810446e-01,1.730137095320617990e-01,-1.011764137716333750e-01,3.248449716848083035e-01,1.560823999083018332e-01,-4.988571806855687796e-01,-6.422137968979241968e-03,3.631951470931647497e-01,-2.632313438723731247e-01,-1.747956372526099644e-01,3.704565437822643914e-01,-3.089329084976094597e-01,7.342662144250346190e-02,-2.613840982267830459e-01,4.675402517030599614e-01,3.031792592279234366e-01,-5.238715325514698568e-02,-4.195653797291792331e-01,-1.819183520522235087e-01,7.940642520573915064e-03,4.334284066792972734e-01,-3.887853617595378175e-01,4.572348231817958963e-02,2.065614098668896448e-01,4.744091132834823976e-02,3.028527554507401409e-01,3.396045675269002834e-02,4.614214018538933537e-01,1.030745686130460220e-01,8.832972485202933433e-02,-5.841615083833418681e-02,9.628686158310628684e-02,-1.150988540497044355e-01,8.365343587091263189e-02,-1.979639153472158297e-01,-3.097900893285461255e-01,-3.141377753856017252e-01,1.126437062232790859e-01,1.567725987420439671e-01,-1.218475197026983384e-02,-3.957517023039405779e-01,2.564873429432437679e-01,3.925967730353995266e-01,4.320843946773934574e-01,3.449893757568271990e-01,3.981731213578789674e-01,4.242619046664016791e-01,1.064296538167611161e-02,-1.094610203851273250e-01,2.124190930913941455e-01,-2.273392771692061554e-01,3.116287085078784935e-01,3.488568329693537695e-01,3.950389674266752138e-01,7.640641281322599343e-02,4.493091939517334654e-01,7.693653956243730330e-02,-4.943287417458105265e-02,1.580104471904146823e-01,5.000614162221138637e-01,4.175176898194739028e-01,2.846590249690040264e-01,-4.176237271579945065e-01,1.127831050407122060e-01,-1.355575145128225939e-02,1.302566668403799532e-01,3.451117620814614928e-01,-2.569643779381436954e-01,1.888436030078607941e-01,-3.884752242224808194e-01,-2.795547305938489435e-01,3.067963701076695249e-01,-1.825926389951874063e-01,3.158886842747196666e-01,-4.142580967245290680e-01,-3.689114087241067708e-01,1.963638327536822159e-01,-4.657183946649543493e-01,7.388260257519348173e-02,4.100160146990396992e-01,5.643563265140394414e-02,1.805891276139204860e-01,-4.733032053377947967e-01,1.349927801765911928e-01,1.159316092935554349e-01,7.222100669687459007e-02,-8.454224829450857071e-02,-7.799001061458002426e-02,4.805166506433360407e-01,-4.756694286807897076e-01,-4.895285322639544856e-01,4.610312802396111520e-01,-3.108766341715791248e-01,-3.669863432983004881e-01,-2.894234901133535542e-01,3.007466191291744972e-01,4.351767889293117197e-01,-4.784404380758842668e-01,-7.438116803318284287e-02,-3.947018105034340030e-01,-2.384493193766496488e-01,-2.747713834760435736e-01,1.166597356957902593e-01,-1.468551373955998829e-01,-3.180255236214025172e-01,-4.998941560676955186e-04,-4.545867211078217229e-01,-3.990786822940845524e-01,4.882351487227548636e-01,-3.070828918138957531e-01,-1.469842494402919253e-01,2.280437910537480295e-01,3.383265667599885673e-01,4.099055873591424537e-01,-3.305753939025323218e-01,1.768910700738620667e-01
4.665410614436796277e-01,-4.419490544414487188e-01,1.762016621554257645e-01,3.333520999894433734e-01,-2.018921424611378745e-01,-2.386227254126916664e-01,1.163825369872510951e-01,-6.757921145909781546e-02,-3.156819933717029958e-01,-4.630394957769128246e-03,-9.140749072107039186e-02,9.136512336542527979e-02,8.600130062603985465e-03,-1.852995593079349024e-01,-1.557548031492964891e-01,3.376611743591118042e-01,-2.490673352224215265e-01,6.060021875742664654e-02,-4.876454511830927707e-01,2.318366039857663041e-01,-1.640886542572628226e-01,-4.619294950200061867e-01,-2.191178613114238005e-01,-2.415822976272139211e-01,4.531293398277989048e-01,-1.293451301713619550e-01,-2.066458076949580225e-01,-1.400652500937314415e-01,4.646587828417946264e-01,1.283666417384351222e-01,1.248797195100447149e-01,2.212755536695023839e-01,-1.114926301679626808e-01,-1.090165989875190589e-01,1.508639303171609436e-01,-4.984757781432798129e-01,-3.123850198556058499e-01,-1.491963114081092667e-01,-2.605836145946639482e-01,1.684948876195501433e-01,-1.213538076217577644e-01,3.788254100201253194e-01,6.192169949368479115e-02,-9.494889341637102742e-02,-1.013730308270769237e-01,2.017982627075119717e-01,-8.177344670753394773e-02,1.710681509884672269e-01,-4.552885508466626985e-01,-5.087824987470247751e-02,-2.407735486195432817e-01,-3.433150008235683615e-01,2.926104185778212810e-02,-1.690867313644767167e-02,6.140492561442689734e-02,2.563690234757022846e-01,3.839189734789573150e-01,-2.979152165510914885e-02,-1.824900100851795104e-01,-3.310776464764682986e-02,3.181314374092934494e-01,3.895402624656893464e-01,3.065691349887123551e-01,-3.034677191154031561e-01,4.899072368883869988e-01,1.345566848755292144e-01,-4.165329698284536697e-01,2.255541493132206810e-01,4.944265255339937437e-01,-8.673614146044068829e-02,1.784175609685492991e-01,-2.010137975179387138e-01,-2.869202329801220364e-01,2.179574686422854624e-01,-4.853225620549960206e-01,3.352086683826714375e-01,2.659624603350520602e-02,-4.566177111768951469e-01,-4.086273655336455923e-01,1.441446744976863370e-01,3.736538239003422968e-01,-2.232164126357712719e-01,5.281956373599088206e-01,-4.054738043215027066e-01,3.771983074995642893e-01,-1.050658365839593489e-01,-4.186545832317658533e-01,-2.687282298215645793e-01,-4.702181682602933621e-02,2.862748028295181157e-01,3.601828445991283045e-01,-3.659889552437178839e-01,2.219960023596657256e-02,1.413858032695406164e-01,-1.512765311531265866e-01,3.733530546618294421e-01,-2.262769974039538501e-01,-4.986879410323291073e-01,-4.568254263934986015e-01,1.832468899725223366e-01,6.137672242545476331e-02,4.561042291676113969e-01,4.488917626461044197e-01,3.859628515406066107e-01,-4.672622757565322860e-01,2.491281149637805115e-01,1.760590842752862428e-01,1.689505607242972607e-01,2.063481214833012278e-01,3.948230887958758539e-01,1.983028460047067676e-01,-1.309266739493803178e-01,1.085479879381317236e-01,-2.876384631335292541e-01,8.712550469514346307e-02,-4.714139188446862527e-01,-3.489768274189136155e-01,-1.665916115497170780e-01,2.895126771029954416e-01,2.241842770170727472e-01,-1.639560064871961320e-01,1.281630247134293299e-01,-5.386868683417515014e-01,-3.361394518533856735e-01,4.857615278458252694e-01,-2.035275572692126778e-01,-1.064593089378233770e-01,5.280336819557577416e-02,-2.231370458330873829e-01,-2.193533084897902885e-02,-2.775826840158529540e-01,-4.457773237146209766e-01,-3.200256592018373980e-01,2.305023170009812272e-02,-4.286042056086110663e-01,-8.832773908105626126e-02,-1.532613543535275291e-01,-5.987017986179982154e-02,-4.173624937528732648e-01,4.120242117706339746e-01,-1.526214008495831859e-02,3.319891205727252825e-01,4.905632860994231237e-01,-1.685857372847636426e-01,-1.396024965249355841e-02,1.744984197132759540e-01,-9.603443886592601120e-02,-2.004339218259899302e-01,2.290906558663582115e-01,3.944910004965960781e-01,4.390257728668378601e-01
1.267341774340698390e-01,-1.244286503805567268e-01,4.745605214796940752e-01,1.472258447347998545e-01,-4.473096908010250061e-01,-4.074262630134627416e-01,2.751861198699097621e-01,-4.271141836627116994e-01,-4.878605730201139301e-01,-1.028506869991958339e-01,1.734486334028422644e-02,-3.593734056001829380e-02,-1.138119557285457301e-02,8.797105235888751096e-02,1.613174009351663607e-01,-6.580678684263843725e-02,-1.316685437064836484e-01,4.884590580093927104e-01,-2.391209424760970537e-01,2.729831869543043465e-01,-6.878195365060123245e-02,-1.321840359023767619e-01,-4.361427240582696485e-01,3.785736328121940275e-01,2.020041497619371462e-01,4.004426380285012188e-01,-4.742618138371736125e-02,1.776455572333424937e-01,-3.669601316485093800e-01,-1.069122154037679684e-01,-2.898949937525885923e-01,-4.572906167668449040e-01,4.481791868859034134e-01,-3.052130517592723247e-01,-3.535240333978866278e-01,-3.020299564420577676e-01,-1.432559624865397951e-01,5.854790934867262070e-02,-3.486652431158642207e-01,4.910240302410516233e-01,4.829866781818726307e-01,-3.443411652008113166e-01,-9.754306352345175346e-02,1.739072175954898825e-01,3.754481626177751941e-01,-4.616161889261576404e-03,4.170466727598151069e-01,-1.693851889307399217e-01,-3.302955694261011741e-03,1.942561285815699434e-03,1.700678141886000361e-01,-2.981870534070781287e-01,1.130442503035595375e-01,-2.805189762937791431e-01,-1.597796849489679927e-01,4.632773643334925362e-01,3.995987190285165136e-01,3.092349585678914048e-01,-4.586396140509479413e-01,-3.516331175381937624e-01,-2.337093943172505739e-01,3.020464959266915272e-01,3.361325904194013003e-01,8.851316058102953743e-02,2.104814009064219782e-01,2.859130077867214070e-01,-4.336408885610921193e-01,-4.153570605924548076e-01,3.816048670064076664e-01,-4.523427293987241082e-01,-2.731540068924139253e-01,-4.736408095514502703e-01,-4.851842019971883690e-01,3.446560306292814069e-01,-1.626634272137984782e-01,-3.359987688843681930e-01,-3.541708528419944546e-01,1.416700761221427185e-01,4.550165389352547884e-01,1.628384858724564455e-02,4.010904768840048984e-01,2.318238616354274557e-04,6.690345038214531859e-02,1.717716405903260413e-01,3.303925640600389180e-01,2.570387925504029614e-01,4.905325627055622251e-01,2.311941159954898073e-01,4.057807213011362935e-01,-2.941637183669515987e-01,3.431520055972597100e-02,9.854010199901436229e-02,3.160267564042129607e-01,-1.368802052854838081e-02,2.910396602196549387e-01,-1.100646073313107098e-01,8.594634820776893280e-02,3.384455024732527240e-01,2.996640265781160273e-01,1.588246827022422591e-01,-4.967615980199240333e-01,-3.155929273463429219e-01,1.169957173660224684e-02,-2.502282644505058329e-01,-4.368964066402752922e-01,3.595656462324482439e-01,4.323888100610542851e-01,-1.904587549443022554e-01,-9.586887013667003132e-02,3.245764742678748926e-01,-4.316974972216864326e-01,1.422680727770250508e-01,-3.739021600109952992e-01,-2.096784903502601494e-01,3.299406866284060325e-01,-4.848273685410888212e-01,-4.640661674861685793e-01,-8.213395520370547764e-02,-8.263336187074303563e-03,3.708513673838248481e-01,2.161014729223656450e-01,1.712838853314872511e-01,-3.501840666815002612e-01,4.867059254159414317e-01,-9.065464804351851258e-02,1.171554957758801085e-01,-1.148811456403513453e-01,-4.493760667768250672e-01,-2.565628814872538896e-02,-3.486322461051637456e-01,-4.664569945102873261e-01,1.171093891402338466e-01,1.298483872891748325e-01,-3.947071753436350861e-01,4.981044353578572420e-02,-1.466580377206173624e-01,-1.129406370584356417e-01,2.828538992375345118e-01,-2.641751277718321772e-02,3.875880600336033543e-01,1.252102488288519555e-01,-4.604406851818187985e-02,1.181376334878064538e-01,-1.656372424726972326e-01,-3.653639357341233462e-01,1.829042170481290919e-01,1.040565143858586672e-01,2.911207379124408079e-01,-3.740025134699260234e-01,4.118273918163426472e-01,3.122575313870647462e-01
4.168798978837656710e-01,3.725347258437890496e-01,1.810061884976010005e-01,3.095901895779623603e-01,8.538530318819790785e-03,2.931903241358365109e-01,-3.029798218574202284e-01,2.949137569430013706e-01,-4.692287554580137909e-02,2.498572112194994976e-01,-4.643725776465542493e-02,3.081805285037453879e-01,-4.246604147814418972e-01,-4.522678958939035376e-01,4.206581547058836357e-01,1.591211447264886600e-02,4.010713996087248434e-01,4.447832517921733730e-01,1.664685639075054457e-01,7.052605702470712834e-02,-2.840317472420127998e-01,-4.033560744602336934e-01,3.193936221998940894e-01,3.983584817567348280e-01,2.793957106948856683e-01,1.512193211858307296e-01,-7.510185272861714945e-02,-1.939061612932017897e-01,-3.734411607218532381e-01,-7.910151966172888904e-02,6.827899024181528775e-02,4.270360711137799470e-01,4.358697384891713766e-01,-1.011388692147544427e-01,-4.003350634471669056e-01,2.738187324714433935e-01,2.419092604623554743e-01,-4.569882375057020552e-01,-5.328101218681513540e-02,2.028060869105439978e-01,-4.698709063671422936e-01,4.207327268559356015e-01,4.656023792877692080e-01,2.195316393315839831e-01,-4.235834267633891703e-01,-4.296889959651563062e-01,-1.407466851787630979e-01,-4.645356985562421603e-01,-1.538661360058782845e-01,-4.868716371219239947e-01,4.743232281946557216e-01,3.183206901505938879e-01,-4.201327857684766798e-01,3.826220750229955003e-01,-2.920219599959843482e-01,-2.945309135425396296e-01,1.743090531212224681e-01,4.358346028342883760e-01,-3.693442864125856540e-01,-4.928154327478301844e-01,-1.214782933914494018e-01,-4.541780759702696568e-01,1.012122964511588258e-01,3.628413509586556063e-01,-3.209611833523061120e-01,-3.990257289328155155e-01,-1.555504106704695688e-01,4.591713189188210142e-01,-3.672664348490523034e-01,4.733633787541888238e-01,-1.361269761753684526e-01,-4.091653746277150450e-02,-2.078855484478991933e-01,4.378960886329077429e-01,4.694022294106363624e-01,1.390378534749484585e-01,-3.199443860677472773e-01,4.845165675179570752e-01,-4.054156422353646927e-01,9.525438606800552821e-02,-3.435969399169912508e-01,3.957544324443440509e-01,4.329005188504739254e-01,2.933466355915448354e-01,-1.570004719687445593e-01,-2.580790256226725976e-01,2.548584132190377938e-01,-2.303776678183955262e-01,-8.021462414631805316e-02,-4.540843236153807583e-01,-3.688672954121454683e-01,-4.789505072916556694e-01,-4.265602022220599809e-01,-4.173994713428411663e-01,-7.976867915469565418e-02,5.214666517243948113e-02,2.439978855897630972e-01,-3.713698902291719395e-01,-7.684220375812297887e-02,1.383656998871665433e-01,-4.123469310037550239e-01,-5.340972187776231450e-02,-1.257016651423942255e-01,4.461586241198446934e-01,-4.440892408470372144e-01,-9.222118119110793433e-02,-8.847338150702828419e-02,2.388664008764702640e-01,-1.827928235661701040e-01,-2.955962536584270106e-01,-1.929496414697804141e-01,-2.042706753765547237e-02,4.500579060405222598e-01,2.997399838853703757e-01,-2.230297542202567262e-01,3.615838399082262761e-02,1.882003026888287300e-01,2.956571565696788917e-01,-5.391484406070470858e-02,-8.514056373805546640e-02,2.668137814149531550e-01,-7.307129680863432009e-02,-2.924989968904676552e-01,-4.655296775182122399e-02,4.370291571555708909e-01,-3.519595724579757667e-01,-3.908969062058149230e-02,1.411096353699896611e-01,2.407269870231012326e-03,-2.963600956296300604e-01,-4.994892398587419402e-01,1.959930951819883749e-01,1.179270477390188809e-01,-4.922233505641357976e-01,-2.004618780525889432e-01,2.746621757637041639e-01,1.357145661657312152e-01,4.955106177034763332e-02,-3.657275617391155809e-01,2.119431402717892876e-01,-1.075597769752992261e-02,1.617726818202703531e-01,2.621577985225502783e-01,-2.701445288896353047e-01,2.732923166903531986e-01,-2.278378132582599969e-01,4.760212511708304950e-01,-3.759982345427894668e-01,3.869249490901455757e-01,-4.594262257506440128e-01,-2.437792967766418128e-01
2.609500553114861912e-02,8.161618751491642176e-02,-1.037651846162869623e-01,-3.941960773149409403e-01,-2.574817339663805216e-01,-2.116609481999714160e-01,2.380597529826431191e-01,3.955407521427985462e-01,8.980456577942538821e-02,-4.603517928839047091e-01,2.930530867561337849e-01,-1.808129451681907973e-01,-1.601095935837600348e-01,3.336825528171043914e-02,-2.572489409118114967e-01,4.398979694693077591e-01,-3.364452417015867947e-01,-8.516959958616486526e-02,-2.104528515564318691e-01,3.374507936687105858e-02,7.397483714666432120e-02,1.307600275608137852e-01,3.137527505106765119e-02,-7.548394025902872839e-02,1.345940123764659546e-01,-8.202480254570493345e-02,2.846461916011505666e-01,2.890204429805694475e-01,-1.900922118653471382e-01,-1.334635569772950892e-01,1.319734058016250045e-01,-3.376759696908525066e-01,1.971045436352087676e-01,-1.220093930824470846e-01,9.117065292408751964e-02,-3.604669007687781868e-01,1.740701651599259603e-01,-1.349907753136898869e-01,-2.733403474751183032e-02,-8.834372215576700993e-02,-2.328853032558105343e-02,2.018242523840925451e-01,-1.809108321450577095e-01,1.496864845064571903e-01,-4.418998417403628975e-01,-1.998307139648240749e-01,2.452096901500457893e-01,-4.388602251229931084e-01,1.193983319920181863e-01,-4.712688557834872616e-01,-2.847137893156702002e-02,3.877081128023905365e-01,-4.868665612380809193e-01,2.250639816162627524e-02,-4.335431703411369853e-01,3.695716752450791676e-01,1.868750587953885156e-01,2.411162666907436525e-01,1.772031478652712211e-01,-4.935765463019418653e-01,-4.483689241792804259e-01,1.488329402079587582e-01,4.930504258610700075e-01,3.768129814312397019e-01,1.921915006559390959e-01,2.559149852306819573e-01,-2.733129950068723391e-01,2.516137324334244973e-01,-1.848830755190521424e-01,-3.798213502920109175e-01,-4.511569522753919315e-02,-1.792327503284317503e-01,-3.322946273896779656e-01,-7.752053219515615823e-02,4.030066796787463712e-01,-6.415964086161486668e-02,-5.119835354065245536e-02,2.032648265113205510e-01,5.802206814881334662e-02,-3.552509469305875633e-01,4.103923975439699445e-01,-5.723835283881670288e-02,2.646276963741313604e-01,-1.186526391471807163e-01,3.482344965625175370e-01,-1.135838169667858916e-01,-2.798404783339542012e-01,-3.134881644288864955e-01,4.400346423372458182e-01,7.762479656091338109e-02,-4.513078826042419833e-01,-1.116302804299116186e-01,-2.693462807020394201e-01,-4.059394429883919631e-01,-3.108816937023972105e-01,-4.416438629079671441e-01,1.371777559226064758e-01,-3.402417290237658709e-01,1.117989344755934145e-01,1.139110157766162618e-01,2.081428801322837141e-01,1.390746719134450769e-02,-2.105650066342459048e-01,3.759907018050475669e-01,-1.486918393620462187e-01,-4.228261630017118855e-02,1.461044967688504004e-01,2.155823900913425226e-02,4.533775962525612990e-01,4.429171877470858276e-01,4.340127084719402339e-01,4.388491446197265722e-01,7.372300829834112224e-02,-6.816014480240436407e-03,2.041168173823688647e-01,-2.984219680135321018e-01,-2.341279626904978761e-01,-4.561927457829967336e-01,-3.372212426190375756e-01,-4.772716883827819445e-01,1.507998686746145622e-01,-3.653827356710252494e-01,3.181588320023050476e-01,1.805039964860359891e-01,4.710831301371847801e-01,-1.007289077055581877e-01,4.198668683032351079e-01,-4.248031722974493496e-02,-1.396488272789794260e-01,-3.976611300829462348e-01,3.814997905141255252e-01,2.924859679863182627e-01,-1.781823344079534466e-01,-4.425561507437103526e-02,-1.677170196953851611e-01,-4.679050823089804800e-01,-4.411828751856013420e-01,-1.456239111721702728e-01,-3.110466325757672013e-01,2.609342464574700149e-02,-3.018507639926015784e-01,-3.072965555110502844e-01,1.745092464718018266e-01,2.328565625663199801e-01,-1.803326694517498052e-01,3.476809503700173942e-01,-2.511165897500146627e-01,-1.527856697883386294e-01,2.166144623804721892e-01,-4.554745493426491376e-01,4.488083871871947905e-01
-4.276740129091508580e-01,-3.906893707822071959e-02,2.246046563157113318e-01,-4.472967821526550036e-01,3.014081757689485719e-01,4.823992708271757079e-01,-1.928686470632723707e-02,-3.910789092364972408e-01,-4.194655914491322579e-01,-4.443479146871837093e-01,2.638106929163167580e-01,-7.164469167037525177e-02,4.192341581990289834e-01,-5.494899222435053326e-02,-4.413843460982523337e-01,-5.314453087006124066e-02,2.548278933431543103e-01,3.293384267568981727e-01,-4.606909020189378645e-01,-3.081794543414453358e-01,-9.993476532417968489e-03,-3.660176388851900664e-01,3.710914241276879189e-01,4.444440792074199620e-01,-1.804030016461823926e-01,-5.313460354526178958e-02,5.918024705296053012e-02,-2.125678969372790383e-01,5.814526191744628231e-02,-3.044975161552735399e-01,-1.957199006300502087e-01,-5.564327316840474158e-02,1.050934687773163317e-01,2.898131627427725718e-02,-2.389038450989857953e-01,-2.682121245819447664e-01,-3.769957785883751300e-01,2.876740105587857754e-01,-4.010988443721336116e-01,2.237588110747036341e-01,-2.512300533439615347e-01,-2.152353802991473497e-01,2.368326324205005662e-01,1.570598720733954734e-01,2.398004729433691196e-01,1.526614547699204141e-02,3.590958196652707102e-01,-3.708933178342275760e-01,1.434531034846874276e-01,-3.785934905764284930e-01,2.372831059925083752e-01,-1.415481044093800378e-01,1.778954900420955387e-01,1.995056724908424450e-01,1.606084576410583553e-01,-2.768990087599592642e-01,3.316200649839142200e-01,-2.625074980668504199e-01,2.012567604251605871e-02,1.746457541532555335e-01,-2.566543055218127312e-01,1.543344999059513833e-01,-2.124707310566300023e-01,-3.249518815761663348e-01,3.334399162506499481e-01,3.310954554579954162e-02,-1.721153121864869573e-01,8.543074550824793223e-02,-4.755126127157482951e-01,-3.592589874526837534e-01,-1.073063500000607656e-01,4.689583133613768884e-01,9.924491859477035244e-03,-4.227968852692027824e-01,2.600161265236328734e-01,2.788382201490628987e-01,2.725348985957704584e-01,6.223532552527168138e-02,2.357677614535498012e-01,-2.735452156774588195e-01,2.325605908939882838e-01,3.152854568336899144e-01,2.369862707692285964e-01,-1.565042389632182174e-01,1.103700112169695852e-01,1.280716419091804115e-01,4.008098536570838810e-01,-3.942434795090887234e-01,3.339337688501438639e-01,2.095945991879242382e-02,-1.424869852934482484e-01,-4.441535828816952497e-02,-4.907920745274296226e-01,-2.632445483656692398e-01,1.542614470016120398e-01,1.622142925663634938e-01,-9.700423626866491126e-04,4.334138242579236300e-01,-1.806585321846108233e-02,-1.846537872228037058e-01,3.520117954331554722e-01,-2.390528655820827464e-01,1.093169960653056355e-01,1.937698178860883802e-01,3.201575716538351268e-01,2.847952787835330013e-01,-7.815163617694416420e-02,-4.267270020436844113e-01,-4.688100567173666966e-01,2.208771816640822949e-01,4.694146705503662864e-01,-1.520618168438528373e-01,-4.979309172934771183e-02,2.266958463265283108e-01,1.578312458538798646e-01,-2.355832518799906294e-01,1.715848442958738118e-01,-1.950975798417035889e-01,-1.437217168102433162e-01,5.126099913459352536e-02,2.312420807642966702e-01,-3.505709380546740417e-01,-3.896066605437977226e-01,1.278299549820074432e-01,-4.890021009763346749e-01,-4.535399946340394894e-01,-2.757493233704624847e-01,1.574743234772805756e-01,-4.158539038873070304e-01,-4.375942323734722805e-01,4.707608474909046326e-01,-8.054722014002575758e-02,3.941849477522069711e-01,-2.834757160472359816e-01,-6.298356354807296831e-02,-1.392220539480633346e-01,-3.088752225218301395e-01,-1.786840162148593536e-01,4.540153474496318453e-01,2.512943000051633402e-01,-1.092641668132720151e-01,-9.894034394404681299e-02,-2.433431146076268370e-01,2.691628461599780697e-02,2.489602618522785416e-01,1.783535104704701002e-01,-2.568975053389608090e-02,-4.543595427725319325e-01,4.235473453391869203e-01,-9.104774745363691801e-02,-9.218921628278443914e-02
-4.968921800094496244e-01,-3.617727819343671825e-01,3.688532478562988048e-01,1.896991271149013267e-02,2.214233703708785028e-01,-3.460289848860497730e-01,-1.689824525176024383e-01,3.360962401650680609e-01,3.200926974026302996e-01,-2.532647852024241808e-01,-4.839240045966435311e-01,3.340090728340384674e-01,-3.311559949605804576e-01,2.908406307632622201e-01,1.824242710722154270e-01,-3.117653584937002953e-01,-4.215113563748117964e-01,4.276494298323921806e-01,9.783580873526481758e-02,1.322435721446557078e-01,-4.249512883226281429e-02,-3.405075736002324271e-01,1.019688713949662845e-01,-2.343245475671094646e-01,3.058946560175415108e-01,2.324794277840686596e-01,-4.676516351638385638e-01,4.333234942553281233e-01,-4.566629989172897308e-01,-4.208972148956172110e-01,-2.044249122786615525e-01,-3.475422573571005924e-01,-2.636673367657326739e-01,-1.570108138043976864e-01,2.356078936217885500e-01,-9.528863923515562551e-02,-2.340117050739155269e-01,-1.323268488822484934e-03,-1.074063612564651327e-01,-2.092257677179802655e-01,4.005377746026827501e-01,4.172880293365422572e-02,4.798219203595348037e-01,2.703386281947874892e-01,6.837767278854017805e-02,-2.375698003408078240e-01,1.868436562888386998e-01,-3.684854419457710833e-02,2.196844212563921761e-01,-9.307560516434895681e-02,-3.995218344268368187e-03,-4.796455168045817841e-01,2.429849190815796811e-01,-4.699577373540265168e-01,1.807253858476396413e-01,8.341178320166729721e-02,2.759795305177245583e-01,-2.124208716247035778e-01,1.882836354236978316e-01,-2.929020243690522163e-01,3.093056737609926193e-02,-1.305687544464590732e-01,4.742894541150813881e-01,4.755322997187652612e-01,-2.981006328108925518e-01,5.218255050750485180e-02,-1.705573329134789373e-01,4.685379853233115899e-01,4.412848641556008089e-01,9.670902554494452408e-02,2.171653227801263186e-01,1.695406223626402531e-01,-1.471782093923969803e-01,4.170518268521977712e-01,4.105122099880173514e-01,-1.642293949569498535e-01,2.465784560184722529e-01,-4.980533532386055562e-01,3.294176782377482571e-01,7.707582477819591160e-02,4.523067127509502461e-01,-1.383201746329520143e-01,9.859773387505219033e-02,-1.823251977317738581e-01,3.262092978352394423e-01,9.978528120234206322e-02,4.874710229786892723e-01,-5.123707305551412627e-01,-3.592412598421291237e-01,-4.615095029351887757e-01,-3.752532570325253225e-01,4.293178627623432386e-01,4.477429112398861877e-01,-5.140920392135399884e-03,4.481297904413844568e-01,3.197532602336924379e-01,2.745006789456256868e-01,2.420333281404696557e-01,-3.113263565983329095e-01,5.027135392508646355e-02,-7.276053366548618229e-02,4.515702838174326939e-01,-3.211554589022299067e-01,-3.429431885568400284e-01,1.570594719011220997e-01,-3.431714505010792782e-01,-4.263295461968911737e-01,1.413952517945746799e-02,2.905880785762821050e-01,1.102600327576479383e-01,2.627085892222988939e-01,-2.294686495016998729e-01,-2.114468997800248440e-01,-6.503049909432136177e-02,4.908478842657130192e-01,1.964518743572288562e-01,4.462539557484170305e-01,3.787045632032003117e-02,5.448193470709235958e-02,5.018380293468788222e-01,-3.110749834262528934e-01,2.698378182359740807e-01,3.116091703406362323e-01,3.447416280328320370e-01,2.692582521309201393e-01,-3.408083696741364133e-01,1.596025869739106928e-01,4.273260741465652046e-01,7.319916414398591753e-02,-1.390584896197127884e-01,4.481877519411000543e-01,5.458034703582424763e-02,-8.854940529249753778e-02,1.141334980612769279e-01,3.240397190670079031e-01,-2.633754354676894893e-01,-4.833096185433853331e-01,2.205308411219552775e-02,4.126537735377199811e-01,1.827690896382009877e-01,1.429564367709599271e-01,1.197207361679214765e-01,-1.943528720036673220e-03,2.282207392805969404e-01,-2.330493383174701838e-01,4.130195217287288001e-01,-2.311175363097758562e-01,4.487634422970276926e-01,4.305630009449381568e-01,-4.220601014105572202e-01,-3.202298001410795042e-02
2.440336262483976670e-01,-5.034592450821352705e-02,8.898855192036670206e-03,3.084302445531118542e-01,1.960810942655956401e-01,4.572344145634358314e-01,-3.254379240859113787e-01,4.217900356338846191e-01,4.278648105027529902e-01,1.531901642580701384e-01,4.402651151909600657e-01,-2.334949098336743523e-01,3.817872834036454277e-01,2.765684864651986041e-01,9.443216188926185917e-02,-3.891852759847240772e-01,-4.698656463121793081e-01,-4.890305045957782371e-01,-2.494845310999516952e-01,2.658364359318329262e-01,-1.133817888621110742e-01,2.855813262781847217e-01,1.256414654037013023e-01,-9.601192487076476434e-02,3.801466287862421689e-01,-4.830474679296274387e-01,-3.518673721561545176e-02,3.307126476370697565e-01,-3.679578991737516014e-01,2.060399633024443122e-01,-1.696028307347894892e-01,-4.744740936022189270e-01,-2.613589631552124329e-02,5.151892600298897326e-03,-4.583055711590795500e-01,6.591935355178069056e-02,-1.562765630322794641e-01,-4.882365489618658572e-01,-3.092262301005788694e-01,-3.929713722183117985e-01,4.061835930267346934e-02,-4.653994914917010117e-01,4.087620694780774722e-01,3.424881911997218475e-01,4.431759609626035323e-01,-1.852148339740542771e-01,4.052673885618942595e-01,4.914638262628150400e-01,2.629876085412308773e-01,-2.217773375032684180e-01,1.708890569898303124e-01,9.540247050296957187e-02,-9.276885202711890321e-02,-1.992199660897852331e-01,-4.401518094322697250e-01,-3.732364634281672422e-01,-3.673056522186748385e-01,-2.333409825344504723e-02,1.448980478211567557e-01,2.640684524443931980e-01,-4.453849011418669623e-01,3.422132159581821043e-01,-4.616648046353385437e-01,5.861257240373779487e-02,2.364778259774508173e-01,1.576580642716894909e-01,4.496786564912015893e-01,-1.553018485841085039e-01,1.166907499927980763e-01,-4.058212970335914882e-01,5.710831309339263473e-02,3.003073504467513311e-01,-2.989131438043605149e-01,-2.384246665736675097e-01,2.085790465503636337e-01,-2.402016292672821407e-01,-2.412612897014846380e-01,4.311928710984254676e-01,5.046390836648274592e-01,-3.347922641762648421e-01,4.001623872580003516e-01,5.077197892749187730e-02,-4.769951187930423497e-01,8.083827482022017119e-02,1.844283306835463043e-01,-4.671220168785484850e-01,2.576919221586003728e-01,3.180254942901953874e-01,-4.283567647173989190e-01,1.433095044055525680e-01,-4.455362494260899781e-02,-2.619174665014112890e-01,-4.175443714214539803e-02,-3.413137054633952894e-01,-1.648936974211137607e-01,1.565758396103431871e-01,-2.215859472024508253e-02,5.043642231884359894e-02,4.446050046471657080e-02,3.219883680851826080e-01,-1.489937443802976935e-01,3.146546036546036262e-01,-4.150019098386388827e-01,-6.604858857470140288e-02,-1.491661360487906707e-01,-4.900016746199667428e-02,3.379370526595559809e-01,7.257082513813128966e-03,4.812670690901941217e-01,3.715504394891395168e-01,-3.731986034580604961e-01,-1.782299045998669840e-01,-4.748977312101307913e-01,2.365186684565238062e-01,-4.807991956331622019e-01,3.712649398652759225e-01,-3.066571371737284446e-01,-8.616370913561952061e-02,-4.380503162064152134e-01,-1.768802611059448471e-01,-1.115112370820995902e-01,-4.545311441693999921e-01,2.841275293177372152e-01,2.113497199131514070e-01,-1.422653452291263998e-01,3.381228676457859184e-01,-4.278574213064251786e-01,-4.426637311991680201e-01,-1.489376719289490225e-01,4.018413321683949047e-01,2.551353073363103463e-01,1.740980116632174224e-01,6.181888147950526796e-02,3.037655387344799784e-01,-8.518971516519638354e-02,-4.595665944415847082e-01,3.021775430429380349e-01,-3.165483786712687264e-01,-1.407363429502670460e-01,-1.242472990665590415e-01,-3.661109741563133846e-01,-1.583630181533057790e-01,-3.197360220055883162e-01,1.136070912255295329e-01,1.581214361934735746e-01,-4.640218882058822492e-01,-5.105145510879319920e-02,5.781090618421471511e-02,3.745166499452325382e-01,-3.954340193085244606e-03,-4.004569273110492600e-01
-4.482787391296301216e-01,3.621090869353634223e-01,2.907292464763088224e-01,3.450369248002672640e-01,-2.367265288728705730e-01,1.534486758942672502e-01,-3.877851606951233099e-01,3.231185758324580659e-01,-1.505775720420139130e-01,4.752891980024320784e-01,-2.714074392598844060e-02,-4.536262074113817655e-01,4.090558776005870367e-01,1.286756663468797690e-01,-2.385866552663716278e-01,-4.095452603586293705e-01,-1.233136033122122777e-01,-3.431394403159881978e-01,4.823772279775253441e-02,-3.729007720958061323e-01,-3.253922883297208357e-01,4.265420879587295544e-01,1.401190250104809298e-01,-2.432879988704328700e-01,3.788962806324696064e-01,5.753422828373974673e-02,4.445612593583037619e-01,-1.631036183459208533e-02,3.935589563055548745e-01,1.758522470425203099e-01,-4.535487634071793672e-01,-2.585273703456819616e-01,-2.183146769212369886e-01,-3.526242481871336154e-01,-2.617048712083238637e-01,-2.739598515359957798e-01,3.663778046690804868e-01,-2.842245299929459582e-02,3.765123448259813377e-01,-3.881490204731772864e-01,6.491555918651538415e-02,-5.109436679503652767e-01,4.270084062176618955e-01,-4.969366668009157495e-01,-1.122139914580943532e-01,3.015653922407402487e-01,4.998815592294842958e-01,-4.755463771472152046e-01,3.222200167528285197e-01,1.322800806382676622e-02,-4.618182940771354827e-01,2.769134682564353134e-01,-3.850713489982173221e-01,8.301532336610985274e-02,2.783252161231046795e-01,1.748923742113762114e-01,-1.183170943205039544e-01,-4.813402156911457674e-01,-6.021148995675250359e-02,4.136944836856111807e-01,-1.562877727782203963e-01,-2.337457685323706680e-01,-3.611589463602594696e-01,1.394596218385747710e-02,2.475709838924241429e-02,-3.906135686418647501e-01,-9.224153909480402314e-02,1.586812531894986056e-01,4.580387435624762027e-01,-5.728938918066073249e-02,-6.692067563621896531e-02,-4.755208764397713533e-02,-2.754275311584504782e-01,-1.045970574962605121e-01,1.539039921720324333e-01,-9.844604924984771965e-02,8.168021692035469516e-02,3.337700706404964635e-01,5.096505409459984870e-01,3.914373819251305009e-01,-1.282033730868991084e-01,-4.795132594464626141e-01,1.076870341678401038e-01,-2.960909553006252706e-02,-2.136165543352136209e-01,-4.606136164756085005e-01,-1.784297610272986834e-01,2.897751868350454951e-01,4.641190056027548194e-01,-3.984302965881471592e-01,3.766522116335443426e-01,-4.521970215324557230e-01,2.138792613868827908e-01,-4.725772526183322220e-01,-7.750992187147850987e-02,3.714680461817930213e-01,-1.018544966556681614e-01,4.182837772006726684e-01,2.140425497150938994e-01,1.055116715369838615e-01,-3.359829921284669396e-01,-1.578442384755061045e-01,-8.389283269028843804e-02,1.178900779949272476e-01,4.959087816604740850e-01,-2.178243860353850925e-01,2.029678721361219407e-02,4.397589129088704252e-01,-1.604649739186956303e-01,1.400766249732963709e-01,2.740862944870851026e-01,1.487989405825665967e-01,2.517170985586456022e-01,-3.025812290839175467e-01,4.573376868488813196e-01,-3.407157768610004078e-01,8.368117398895363879e-02,-2.039573903728279514e-01,1.343281699160503440e-01,-1.822628547305579771e-01,-6.901126120663396424e-02,1.789078138178455124e-01,-1.647741302439178213e-01,2.278758828362432154e-01,-1.754154964972038377e-01,-3.651421037262669311e-01,1.121511561405836160e-01,-3.310966765292065461e-01,-7.810401506916885006e-02,-1.016025881207039960e-01,-4.251635461767186430e-01,2.096652230351180313e-01,1.805164077570994008e-01,2.777950050341181365e-01,4.207635098558056008e-02,6.479652896431654929e-02,-3.344583783240532293e-01,-2.995253365320968419e-01,-2.972976575720477355e-01,3.179001164685024000e-02,3.341698933716150677e-01,-1.506376686914431551e-01,3.893050348809803385e-01,2.332538686719166365e-01,2.208870390607276524e-01,-1.427383691527705500e-01,-3.964218979741699900e-01,4.654132982335134061e-01,3.556679736846058981e-01,-9.111765965496727848e-02,3.802778545424490009e-01
3.992147446256077425e-01,-1.575263719584735767e-01,1.561275302245537615e-03,-1.977777583715202570e-01,2.053041610012466822e-01,4.092586071262377945e-01,5.217304620057878761e-01,2.347314103421292986e-01,-1.985567456032187594e-01,4.246083894522678093e-01,4.948274620391130418e-01,-1.351098888814780685e-01,4.487123524492456772e-01,1.489267530247497841e-02,4.477146171669896813e-01,4.958559900639112339e-01,3.129420957843445650e-01,1.834370490343558424e-01,-3.460315263388750728e-01,-5.248415076207024743e-01,9.546181136091388963e-02,1.940081724453822376e-01,4.355369715775955219e-01,4.019112195663476772e-02,1.968466027027538923e-01,1.096518993980488271e-01,-2.934000105923642021e-01,1.450349244515721225e-01,4.887848870800753920e-01,-3.915354425775261493e-01,1.909742848152569117e-01,1.191035680399248620e-01,-1.238366773743735522e-01,2.598452786614927068e-01,-4.892437327411647274e-01,3.924116221231707113e-01,2.820991740750564136e-01,-6.576186115752315209e-03,-3.918601432231226256e-01,-7.217330726398639429e-02,8.424943912266517898e-02,-2.540922013089031983e-01,-1.363844520125162899e-02,2.725887802138547977e-01,4.205253070170848484e-01,6.161728473580111581e-02,3.272417850395823447e-01,-4.158819536568387765e-01,3.536916024621711285e-01,4.246839489896515052e-01,-3.319990431617829141e-01,3.267739126327338095e-01,3.556277201526115705e-01,3.743140503283237663e-01,1.713951981739225694e-02,1.096220010337863315e-01,-2.902185498036704003e-01,1.956797694299494961e-01,-9.412192329126277401e-02,-4.788309142931002627e-01,-3.542443321629317188e-01,-9.339942800569946135e-02,3.754522839680479174e-01,6.868500147066070038e-02,3.990366166063086806e-01,4.920761455039957544e-01,-4.132050467840937547e-01,8.821519815182357616e-02,-1.962180708731314505e-01,1.848255731644516883e-02,-4.709015137106734028e-02,-4.370575500351656095e-02,-3.986389541869816977e-01,3.335667834692825906e-01,1.941639084999512849e-02,1.592003630975614425e-01,-2.482864514989564786e-02,-3.184120274665075412e-01,5.420132561232278434e-02,-3.498267947253239640e-01,3.521792561475833860e-01,3.328317799125679599e-01,-3.505995238883684584e-01,-4.364129861512861530e-01,-3.887175450668626797e-01,-1.077471079683363642e-01,4.530414373426318031e-01,2.452365692571908951e-02,-2.344734273127593027e-01,-2.756516636036784318e-01,-3.910252523648438672e-01,-3.597645938394579690e-01,3.152490540346506442e-01,-3.876569630014244372e-01,3.655595575590711022e-01,3.254000402522432833e-01,-3.588416742096267598e-01,5.056415036049357464e-02,-4.917470351717619370e-01,3.631077857054021418e-01,6.118225460374285968e-02,2.569102821641623957e-01,-4.428785264861853990e-03,2.228012300059805939e-01,4.291744698867198116e-01,5.953979567644889642e-02,3.527383637349389978e-01,-1.440063152228788224e-01,-4.087262480867670522e-01,-4.918400177992595101e-01,-2.650767934233241307e-01,3.331418019838887634e-01,-1.793323518804978978e-01,-2.704886421712957012e-01,-4.369576611629621965e-03,4.480385039125504010e-01,8.978446134747958621e-03,-1.591283366681534028e-01,-4.226124561401706781e-01,7.686466385811073498e-02,-2.749877793391191649e-01,-1.311677391618320254e-01,-1.256966819587632678e-01,2.581843402975216861e-01,-2.763343742484665189e-01,4.415788994346070973e-01,2.414105197955851989e-01,-1.583994339637023741e-02,3.778169679952931292e-01,-1.408320197247073802e-01,-1.169545716257812396e-01,-3.723516157438198637e-01,2.797660789884554022e-01,-9.880734715566807935e-02,5.603744769010233226e-04,-1.574145942234309384e-02,1.559416665959243997e-01,-1.345774564270617035e-01,3.968358953785466881e-01,-6.287429019490242688e-02,-1.266092604875135030e-01,-9.963800571994636812e-02,2.766249360736233731e-01,4.901898729133867261e-01,3.700505366354820969e-01,-2.877846682451966343e-02,-2.421777683649869173e-01,-5.709276058866051551e-02,-1.577724950522679248e-01,-2.563541761759754456e-01,-3.030780647071867895e-01
4.558757345236510439e-01,-6.948091206064271972e-04,-3.900251263297698223e-01,-1.198114771708067988e-01,-1.160475759744946100e-01,1.566312978993778665e-02,4.831399568059053240e-01,4.766334965246125654e-01,6.432449686833667524e-02,1.155273973919891117e-01,1.756291472219336514e-01,2.305047819431835492e-03,-1.332194184767854228e-02,-1.855036614100929182e-01,1.838893017541237684e-01,-4.065111301370823993e-01,-1.828547537747911289e-01,3.909785594776132855e-01,-2.726218490245475579e-01,4.683361907918509037e-01,4.841697250330965208e-01,7.714962180463022512e-02,-4.595640196909112074e-01,-4.056380258643788594e-01,-2.996983623100075711e-01,-1.727998941117789289e-01,-3.868917883871255681e-01,2.971775962878277499e-01,-1.346717944674744871e-01,-2.662663016253277171e-01,-4.563061296336917705e-01,-1.173281406270194616e-01,-4.954932694907776547e-01,-3.837958664236367223e-01,1.046455100616725531e-01,4.349454113281105982e-01,-3.001866841455325119e-01,2.425893936117164418e-01,-3.022944789546275768e-01,-4.985340523475510488e-01,3.965379513409690859e-01,3.482142711615670572e-01,-4.329950772140856441e-01,-3.228647118361305246e-01,-2.656990719813875357e-01,4.283213660824770064e-01,-1.180709043541185999e-01,3.079911374372680810e-01,-6.442977144777713161e-02,-1.187553333039151893e-01,2.653480548181342824e-01,1.157609965990246959e-01,-2.306823057789150200e-01,8.194475287096221472e-02,2.038528499563493357e-01,3.270782884532071333e-01,1.771792169357115643e-01,1.425596677369598830e-01,9.705875973235425502e-02,-4.079490508756170586e-01,4.451890638952238355e-01,2.152075641340442380e-01,-2.268314569825198856e-01,1.923506941042633089e-01,1.173217965159322196e-01,1.588419040389925929e-01,-1.210910289950782592e-01,7.317585480117239083e-02,1.570940372462043544e-01,-2.983490503575030872e-01,8.012136933720184068e-03,-3.800137756497874442e-01,-3.944695018744034387e-01,4.110605752066593954e-01,-3.776120017358998715e-01,3.924599577947451845e-01,-3.009453070086809054e-02,-4.550760713617719305e-02,-1.590534890074926933e-01,-8.229236222544449031e-02,-1.227676192034043989e-01,6.424526699652785555e-02,-1.706500359000301115e-01,3.227072144902325412e-01,-2.660414766846351253e-01,-2.515298772525143001e-01,-1.944845337256750906e-02,4.342042877378033960e-01,-4.760843258574709580e-01,2.234136155845775074e-01,-4.939934123123898013e-01,-9.514164979129144384e-02,2.648156875840330104e-01,-5.392087829125302711e-02,-7.051107107803622487e-02,-2.467831780730232183e-01,-2.391842237246191716e-02,-2.720851911289715597e-01,-2.164868196060188987e-01,1.533469677648356677e-01,9.944705614350990430e-02,4.295596301896046909e-01,4.688690813748525033e-01,2.339711037718956305e-02,-4.121384584033730425e-01,-2.001423022882405089e-01,1.807283844878451035e-02,1.730881194979589643e-01,4.461972122427003695e-01,-3.448925171849167026e-01,-4.633150890237158204e-01,3.706701568376868372e-01,3.049817508123525700e-01,2.657482338880330919e-01,-3.139923222140339476e-02,1.762952527530433355e-01,-8.853077518865759554e-02,-3.079483422077365917e-01,-1.091062347769184981e-01,2.877495426040890258e-01,3.018870657985271988e-01,4.582661825296494573e-01,3.869800625727956023e-01,1.820845367745056453e-01,2.058345850787274278e-02,2.239270234707854135e-01,-3.167964106860251539e-01,4.230845281119463563e-01,2.154352734331631547e-01,9.448555546026193852e-02,-6.595828270801618043e-02,1.335415888691491304e-01,1.176787279057825986e-01,3.988541265070673081e-01,7.073631488565933212e-02,-2.862786669400640971e-01,-5.537382679364002275e-02,-2.570314892548474228e-01,4.045805470581773644e-01,3.435258143970826850e-01,5.581844937397360124e-02,-3.036069638803879922e-01,-4.574327935177696647e-01,-3.658305457753869838e-01,-5.678071920457117283e-02,1.724243077930940338e-01,-2.760018942238726680e-01,1.849451822224944531e-01,3.619460841285405128e-01,2.572410815635460812e-01,-7.439962079075854162e-02
1.457279073749898624e-01,4.883674345584024246e-01,3.854116028772656133e-01,-1.604925580940849972e-01,1.862062977226525695e-01,-3.319191865579440015e-01,7.288216889703343082e-02,-1.434485974598879443e-01,-6.246620563418312649e-02,-3.398785684200399115e-02,1.640077738146152320e-01,3.494429750136771040e-01,-3.142815778163665641e-02,-3.525618256827778296e-01,2.413705967804344321e-01,2.675789080339196491e-01,4.538452396932358690e-01,-1.059439931011902924e-01,-3.612099060599405220e-02,3.072991944228744762e-02,3.921208121166368521e-01,2.095173916672694869e-01,-4.787237672162235613e-01,-2.779171806726442595e-01,3.538948477233729850e-01,1.309118382778710343e-01,3.724718893845562206e-01,-8.845415939016823548e-02,-2.818827027130151874e-01,-4.958592730709294738e-01,4.960510185277923756e-01,-3.636186516993192841e-01,1.429687656941175389e-01,-3.032746264233800518e-02,-1.198506091243402849e-01,3.720215012166849800e-02,-4.676530729441711332e-01,4.781553954025122843e-01,-7.262895398888884711e-03,-4.993799639027964865e-01,-8.065701293604395083e-02,2.217039252348507183e-01,-1.974921491951338870e-01,2.450224088373400555e-01,2.673640304324940709e-01,-2.609186716510275006e-01,4.679724862095583360e-01,-4.706008862511048552e-01,3.631999769014543911e-01,1.263875734161936867e-02,-3.466210812804944585e-01,-2.416070542470792892e-01,9.351514872694870195e-02,-2.319206394895262646e-01,3.384210763946543521e-01,-2.804709376916457164e-01,-1.159613558869263400e-01,-6.808257802248564305e-03,-1.573359931343922269e-01,3.241428031787551012e-01,-2.337071591673943738e-01,-4.084582787263615344e-01,-3.449035165128412350e-01,1.334571285534868479e-01,6.359251374314486838e-02,-4.344188403535652609e-01,4.930491442809631919e-01,-2.055935266307667639e-02,-1.868566006392905487e-01,2.339761292713010421e-01,-4.683140270171333164e-01,-6.741776207136875032e-02,1.635237077504404224e-01,4.621361993908759680e-01,3.033200966037420399e-01,3.833490062497119100e-01,-3.772843163138905886e-01,-7.889437963526260700e-02,-4.849578651572611920e-01,-2.225940216012592676e-01,-1.157031348688191130e-01,-1.574435143830820449e-01,-1.623649435889733539e-01,3.023314068251197195e-01,-2.885830432863216721e-01,3.244956101605165344e-01,4.192108705345976016e-02,-1.860498439846988150e-01,5.223576734684934331e-02,-3.385766676959643950e-01,-4.545250388661145613e-03,-4.780522379499530516e-01,3.629042956283991539e-01,-1.684189652080232413e-01,-1.559576435686663987e-01,4.951414501165447568e-01,1.172851352882902931e-01,-8.311427640548853246e-02,2.924301253756665386e-01,-4.305252359914485960e-01,7.083320406699675220e-02,2.097527511477039613e-02,3.612282815085021692e-01,1.223463372495036394e-01,-1.386333582658284477e-02,1.977189343815965658e-02,2.822037182713997838e-01,-1.462490448114993902e-01,4.678204912622859618e-02,2.192684686173008157e-01,4.955558028692164108e-01,2.000289360213338419e-01,4.612406752659966580e-01,-1.009674474957682061e-01,1.087809927641014696e-01,2.549505315711840248e-01,-1.515840503725291999e-01,-2.308250611963945653e-01,4.727781056702921036e-01,-1.444365612688833789e-01,5.001005758368408660e-01,3.658645559886945509e-01,-2.859936544959600924e-01,3.282192223797379960e-01,4.590092742369759060e-01,-2.198759483052772912e-01,1.644544437291494132e-01,2.854861102585266042e-01,-4.291640653448545173e-01,3.193318048721658364e-01,-1.916392678601461785e-01,2.167696209855187739e-01,4.501382211094212549e-01,-4.648909786003148081e-01,1.136522434883317223e-01,-1.940400308357501380e-01,-3.846342875116137150e-01,2.189997738973043506e-01,4.845636399956821938e-01,1.221969325981660769e-02,-1.737138603670979053e-01,-4.813679231312159579e-02,-8.203845575888180086e-02,3.161169665949975505e-02,-9.082416353592159819e-02,-3.777585896611850291e-01,4.625715298343960336e-01,4.985848224478314217e-01,-3.272472484157694650e-01,-2.589600337421583687e-01,-1.409379979719673805e-02
1.987339887687019080e-01,-4.686550604610542625e-01,3.354975507275829161e-01,1.476462551318492855e-01,-2.078921729372855964e-01,3.752025297109056745e-01,1.318187946702410740e-01,-1.943060834372493384e-01,7.765403878293471174e-02,3.753319897504318603e-01,-4.572528982292309863e-01,2.335841046075587402e-01,3.494136101627371427e-01,2.026023453093524218e-01,-4.187157018661203933e-01,1.338021645252459035e-01,2.859552455784107883e-01,-8.140408783498376266e-02,8.242827821850673420e-02,-2.774746733717270986e-01,-1.872554037174329888e-01,3.166860657562380332e-01,-1.050336864163914710e-02,-3.254063781095316299e-02,-3.771161628987315106e-01,-2.138022231765228376e-01,7.495924249547433228e-03,-2.660822446461174051e-01,3.254189931135642588e-01,-1.247161287092574677e-01,-2.603127569380104256e-01,-1.918431742090032921e-01,3.244635334808833038e-01,3.646285013362532967e-01,4.602978485649028562e-01,-4.848059200233491017e-01,2.677036488344856080e-01,4.132846209692056516e-02,-3.754394337824977779e-01,-1.917047578340071723e-01,-2.183104562847154873e-01,-1.081962351115936388e-01,3.070223602230862103e-02,4.351674772614676501e-01,-4.416437720458603611e-01,2.090961807945522222e-01,3.541060948687345666e-01,-1.318922300658005031e-01,-2.580417178506652642e-01,-2.786229830949157882e-01,-1.991619317130611244e-01,-3.547020092999025875e-01,5.167245049414528890e-02,-2.655151770703091940e-01,-4.727484644856337903e-01,-2.671252958637864161e-01,3.242055310843211524e-01,-1.236067824824226835e-01,3.924016496226464534e-01,4.436156314372324827e-01,-2.604645624656429237e-01,9.358874217371473958e-02,3.865080990701633135e-01,8.359089497864757856e-02,-3.756180347172694556e-01,-1.697902484978713322e-01,4.876247889594924056e-01,-2.006131302378568737e-01,3.431727966796215834e-01,2.989569574723863199e-01,2.486921614731629204e-01,1.928076653371250393e-01,2.888085087773503146e-01,3.488329713724647729e-01,-4.435008683985425804e-01,-3.406032502257997918e-01,8.110848178174745503e-04,-2.936769389387463569e-01,1.115698390502501552e-01,2.322041610420970664e-03,-3.732285510316132315e-01,-4.128174262882555179e-01,-4.659926244174998344e-01,3.108267152421030355e-01,-4.056928336024119286e-01,4.615653287386671799e-01,4.838318544851981651e-01,1.554674223479167450e-01,-4.961672073692317136e-02,-2.242259018937859394e-01,-8.754757812612851131e-02,-1.549522239957532022e-01,-1.024381393748190899e-01,2.262525639388099918e-01,3.925260099430022964e-01,-3.423172509858555812e-01,-2.752428329000096707e-01,-2.945766960072193630e-01,-4.542223607089790338e-01,3.550361593693358020e-01,1.757523343303653979e-02,-4.318118997511565249e-01,-5.374470109396425888e-02,-3.791371254062383261e-02,2.785502815812139210e-01,2.603533278600730361e-01,-3.474404790221635175e-01,1.610507671516810679e-01,9.262541458657815290e-04,-4.602471933213925781e-01,-3.522579317283044964e-01,1.814413369529115638e-01,-1.337784318485289725e-01,4.656304536379219372e-01,1.750362229774093947e-03,2.401118308801669932e-01,-3.663823608405377130e-01,-2.055154139613046826e-02,2.339801137993436642e-01,3.496494472043133461e-01,-3.000291246197757666e-01,-9.049417259181018192e-02,-8.957991558260826326e-02,-5.962760606420276083e-02,-2.764693036075564769e-02,-1.970245155411927407e-01,3.075869819215427681e-01,4.228777856150808256e-01,-1.442638246424258197e-01,1.378600716821178906e-01,-1.192940786961063371e-01,9.334599324183714963e-02,1.951831861105344512e-01,1.516277327420359174e-03,1.512351560647152704e-01,2.815817573126256357e-01,3.411370946576073315e-01,-3.088084531230538277e-01,-3.421390861256139448e-01,2.787320593071202640e-02,2.270427573202483604e-02,3.010648392841470122e-01,5.075458928890489406e-03,3.983989847081646496e-01,2.842894932939106223e-01,6.473893929917658163e-02,3.233186593045403456e-01,-2.991026274642528612e-02,-1.642732459312246929e-01,-6.656323597139646164e-02,2.673465642065678705e-03
1.505076655084765513e-01,-4.478429010201732674e-01,2.295086770826890721e-01,4.720331859604058877e-01,-5.678099196033934565e-03,-4.191718599644700394e-01,-2.539594353119205006e-01,-4.102700240073994253e-01,-2.213377861247896317e-01,3.298202702347694526e-01,-4.939463590262233028e-01,3.853822055463249074e-01,4.395471505517316024e-01,-3.133035925526220233e-01,-3.308835199233387536e-01,4.692157532482207905e-01,-1.396198452250154987e-01,3.117763046376101355e-01,-4.910233932438159976e-01,4.553097744839804673e-01,-4.835118784531259872e-01,1.122555073168787082e-01,4.284496496412869559e-01,3.569321337614667078e-01,-1.895974430269573574e-01,4.123075918797436401e-01,-9.420578111443117519e-02,2.647609540902532387e-03,-1.171131754796118085e-01,-1.522974535495534576e-01,9.796778612684942100e-02,2.846275543593006496e-01,1.997392190391941991e-01,2.617286548388323419e-01,-4.857042275819261068e-01,3.169339353250588687e-02,-1.782804743457913066e-01,-2.905548788412584127e-01,4.208545150351870601e-01,-3.075087975592665779e-01,-3.155256537888622148e-01,-3.073565927201708514e-01,1.688432904520080768e-01,9.656845386189592817e-02,5.634411019804779971e-03,8.677078761348802627e-02,4.405763142596821336e-01,3.842335616209031635e-01,4.041906702170479093e-01,-4.442857710172057328e-01,3.974123169115105214e-01,-4.693628019628446890e-01,1.484578389390557029e-01,4.358809994527494402e-01,2.463423350588578309e-03,-7.541075931327877180e-02,-1.661881271635366752e-01,3.994276103708108705e-01,4.361595885701444741e-01,1.191255091804465788e-01,2.506748449780938914e-01,-1.218469913487627426e-01,-3.644687025897986321e-01,4.812453371131363289e-01,1.417621423236024580e-01,-2.844758916196891696e-01,4.770835323109088866e-01,1.089698527432998720e-01,-1.389986989995376232e-01,4.295994135018774140e-01,-4.367591619360195465e-01,2.780468234273865691e-01,-3.407689449130633652e-01,-3.916131474263905843e-01,-2.309902905221316860e-01,2.395762037119615884e-01,7.146407798005198486e-02,-4.702097440092731923e-02,-3.610711240789087895e-01,4.293251491072079262e-01,2.662851745367306178e-01,1.838422706928983241e-01,3.436006463520208110e-01,2.744529413639511528e-01,-3.213626149265627063e-01,2.726200457758344298e-01,3.387254341395599111e-01,2.259693582421056779e-01,-1.772272582555502532e-02,1.858919224194978681e-01,-4.013592687457037123e-01,2.610526583020204017e-01,-2.416310703834624873e-01,2.963970683830759456e-01,1.352838305684248010e-01,1.078102975699601028e-02,1.097782807682716327e-01,-4.634366114288209215e-01,-4.583855877916258592e-01,-4.842157094209663115e-01,2.814464199709275638e-01,-3.588550025215232475e-01,-3.771292066135102372e-01,-9.499204696061373798e-02,4.637998563272828223e-01,3.858259355901987875e-01,-2.129033819847874209e-01,3.168079857410505684e-01,-4.190746908563193762e-01,-6.979675614387916005e-02,7.919797974158011844e-02,4.837011829204143631e-01,-4.446616906879422570e-01,-7.836436385615824785e-02,4.196104400046068994e-01,-5.237860263736214828e-01,9.908237135831697573e-02,-1.006062542461868548e-01,6.012779125053296925e-02,2.072411539003134462e-01,-9.445492270011660030e-02,3.981778875499922821e-01,4.777002209331249749e-01,4.850591327245011852e-01,-4.775049807093562637e-01,3.316201116771606006e-01,3.767301114358532765e-01,-3.492769557045576900e-01,4.344833948039740212e-01,-3.728861462753906286e-01,-2.913823903416859484e-01,4.248797390780125749e-01,3.293522282340407004e-01,7.655118755700351940e-02,-1.822157631836495428e-01,-2.545208377084818285e-01,-1.023434752279329396e-01,-5.026626722396936309e-01,9.873263589705269516e-02,-4.433207005542540435e-01,2.983401804217121756e-01,-4.445510744019907090e-01,-4.875260687504874846e-01,-2.230478691314169148e-01,2.990507487386263041e-01,3.504619639137709908e-01,7.615074329641702278e-03,4.396558649342930947e-01,-3.807567949917027850e-01,-1.677272945777671109e-01,2.562352101729014064e-01
-1.767056222476912075e-01,-3.546392480660171542e-01,7.836058110173965696e-02,-4.455570548174690448e-01,-1.674535588370497374e-01,-2.334173799823645312e-01,-2.114981459675877584e-01,-2.169483372002203522e-02,1.738449238276435632e-02,-4.197145318991227780e-01,-1.838979001551194759e-01,-1.110750326129270465e-01,-9.669559790038689817e-02,-1.853865934153932360e-02,-8.582225030072004879e-02,-4.190668511571696842e-01,-2.806754176286171965e-01,1.442860319375514344e-01,3.284454506709013621e-01,-1.642645269837427618e-02,-3.518212731448295827e-01,-4.352913273388298587e-01,-3.441062829357293129e-01,-1.006848159423538169e-01,6.520641681461947226e-02,1.740092715208247931e-01,3.329323621238921421e-02,6.585191609011449565e-02,-1.188945745794792730e-01,1.617660899689692955e-01,2.427153724971445881e-01,-9.065897096151130652e-02,3.151726703307859978e-01,2.161468233415476115e-01,4.055690158165095593e-01,-3.325169151715179350e-02,-1.552038959219924075e-01,2.752631449934711538e-01,-4.624062352283797028e-01,-9.894653175362935760e-02,4.771901548321841879e-01,-1.434640126565309981e-01,3.456818933354306733e-02,-2.658910330984706749e-01,-4.244077291529162466e-01,-3.890670954461410980e-01,-6.478992278437989416e-02,1.222064952832735002e-01,4.485621175765670127e-02,2.135253671118740940e-02,-3.883493414088586282e-01,-4.607697297963034844e-01,-1.253976732073466271e-01,4.431534842019393405e-01,-3.201824475756968047e-01,-2.298224607585041823e-01,-1.383601258815332635e-02,4.007118699841714649e-01,4.558000285368499216e-01,-4.986964254740477442e-01,1.715703246302234808e-01,-2.411232487580286243e-01,1.524299064250782265e-01,2.458618437444546889e-01,3.805474180952148622e-01,2.156906777845956358e-01,3.472095789674376487e-01,2.844797544675808365e-01,-2.945036738670837595e-01,-4.491628961156939326e-01,2.326868154970704317e-01,1.377500380895668730e-02,4.976553662249508236e-01,-3.347817773164705191e-01,-1.048307545874520158e-01,-2.012158265856849870e-01,3.787035979807331088e-01,-2.370527655191322428e-02,4.129880101026872641e-01,2.152912123860108440e-01,4.988061683109192845e-01,9.566295054005409526e-02,4.952354429497158317e-01,-3.364006294519688023e-01,-3.187006285000613948e-02,7.152669169283404349e-02,4.782959105814930112e-01,5.315943162261910215e-02,3.652649787802454417e-01,1.228548410327294504e-01,1.141371210210312404e-02,-1.084485403985756408e-01,-1.292893209317273195e-01,-2.068554611746257765e-01,-2.877084010738015785e-01,4.638097585900062270e-01,9.133479590635269763e-02,3.274294263962656548e-01,3.858558693983806243e-01,4.434330597446518585e-01,-2.599713296311211841e-01,-1.597432743867030491e-01,1.371567198542414656e-01,-1.832433733016530508e-01,-3.580449200944096910e-01,2.596587940453197185e-01,4.284466210451674806e-02,5.412023143826342336e-02,2.076185249383042941e-01,-4.003219300258619717e-01,4.434870434237817016e-01,-2.025896658872233108e-02,1.952872942402431033e-01,1.045810628027089295e-01,1.052329260786896148e-01,2.179090955923131956e-01,-4.112043573490763437e-01,-3.266781647636770453e-03,-2.898446417048625157e-01,-8.512280132941200950e-02,3.085864648685943297e-03,-1.677028908879646119e-01,-8.057108087957139120e-02,2.308698240205810104e-01,-4.453392103977902861e-01,4.657649644251351528e-01,1.022360001025688081e-01,-3.331515087345313098e-01,4.303604142325464371e-02,-4.190644379641527140e-01,-4.075225926519881678e-03,1.846340739361045369e-01,-7.946481646222465500e-02,-1.858186807595392231e-01,1.840503379980532594e-01,4.254240491411081515e-01,3.778525877383872578e-01,-1.208780691626463594e-01,3.476692672362776126e-01,-3.825035586386373865e-01,-4.258913838902500526e-01,4.670336875370584284e-01,2.579837185920641485e-01,1.113280633816946391e-01,5.519816052909590903e-02,-2.287704514646398679e-01,3.724425917093264204e-01,3.569330740598460894e-01,-2.392152603336477473e-02,-2.795557000459157337e-01,1.513803983251897078e-01
2.261872301774532634e-01,4.955062709147540767e-01,2.903780433108279491e-01,-4.278361238337555772e-01,4.452549351486014828e-01,3.678682759003448766e-01,1.396703183522746139e-01,-1.675712983666384770e-01,2.092946217778574314e-01,9.872668701780318301e-02,-4.037944253392493632e-01,1.194135861494502876e-01,-4.798030701186690727e-01,2.917372430080739099e-01,3.404089239021558799e-01,2.649088726500358759e-01,-4.085215865629638343e-01,8.809371879954702722e-02,-1.086555395723756978e-01,-3.837150950408860228e-01,3.920787211075861256e-01,4.341500421206062055e-01,4.222833387255119919e-01,5.541559353081967898e-02,3.644284895151451709e-01,-2.507323670526998005e-01,-1.992401301098485344e-01,4.092629903949872583e-01,1.173662467241081003e-01,-2.770154484765227632e-01,-3.674521433120194747e-01,-2.653795034712720935e-01,-3.678463260954940254e-03,-2.168776313280162404e-01,2.352269389056076410e-01,-2.286889910367398970e-01,-4.112890632476324804e-01,4.241421949378187950e-01,1.638395592556301239e-01,5.129921438524499555e-01,-3.180057709167184998e-01,3.807208763852241717e-01,-4.540117289148075108e-01,3.694601685916063666e-02,-3.784301733675622670e-02,-3.738172042308015031e-01,3.151187132395587565e-01,-2.266922893597285160e-01,3.979068778833526610e-01,2.207809504912531806e-01,3.523603493487654781e-01,3.655342712623917967e-01,3.137383752997838227e-01,2.259944013745308344e-01,-4.959294803869316315e-01,-3.557588289017084016e-01,-2.971509728904189740e-01,8.143069307356914921e-02,-4.812189683388746753e-01,-3.728434730659068719e-01,2.191616306821136549e-04,-4.400886968243307162e-01,-2.544734427134466292e-01,-2.548385694276326108e-01,-3.287379609071078290e-01,-1.655967251040601496e-01,3.812167544133129859e-01,-2.685587255578348875e-01,1.536772698529581260e-01,2.585604748053120794e-01,1.728124847962202448e-01,-3.213850262384915224e-01,-1.503771311937212862e-01,-2.273568213300012353e-01,2.417576785182181526e-02,4.733387958007051477e-01,-2.816997324867500097e-01,-1.304332162089601350e-02,-4.113569971633192490e-01,-1.107757669092667430e-01,4.541729509085173921e-01,4.054338384641945625e-01,-4.075214244318389190e-01,3.314273608490265755e-01,2.490015064032069514e-01,4.168221985924868145e-01,-3.918453943594935041e-02,-9.558414649013283193e-02,3.961529689902448248e-01,4.220552197806695313e-03,2.538876698894750872e-01,-3.237536940855509915e-01,-4.342518561988998882e-01,-6.213393401350903594e-02,-1.633841948117908394e-01,2.131227941977799356e-02,-1.357478040413821752e-01,3.491739498273949693e-01,2.431163251846683304e-01,-1.090007811816336852e-01,-3.712225812664954883e-01,2.164241197996496502e-01,7.959859320035606034e-02,-3.795273105258359925e-01,-4.670724561726914414e-01,1.156706250659522706e-01,1.878920610640330557e-02,9.170126888984843350e-02,-8.624909066372830890e-02,-6.002440930679028841e-02,-9.916627555911781966e-02,-4.198753484729888519e-01,-4.298361022548169603e-03,-3.748132459678966688e-01,1.734886204195380532e-01,2.511937440680094280e-01,-3.320709633700554830e-01,-2.984883018625006934e-01,-2.594239484495739489e-01,1.174108201166696591e-01,-9.447741512240338813e-02,3.624086048068760890e-01,3.054905415984927528e-02,2.563627392511203668e-02,-2.658678593110075372e-01,-4.064179029778393071e-01,4.230284477940087218e-01,-3.983718537764276979e-01,-3.637335587004780213e-01,-3.046916384232274400e-01,8.204139253588822733e-02,1.734748276051807370e-01,-7.260351596377545569e-02,-1.051024134104979746e-01,1.447036178393709960e-01,-2.334036719854071795e-01,3.463286010455748909e-01,1.316932534772090602e-01,9.525593544082523734e-02,-4.656492265968645294e-01,-1.382660116462934019e-01,2.652412424943989544e-01,-2.630429037927038416e-01,1.360150048030849546e-01,4.831184241551898517e-01,-1.486687371578399031e-01,-3.268211161399610289e-03,-2.852519193347033966e-01,-4.914439489323911836e-01,-2.633322444301706144e-01,-6.785023517678021032e-02
1.042695021772644948e-01,3.359294356803501080e-01,-2.099825730159512460e-01,-1.843817002815577033e-01,1.896327056537376043e-01,1.503862528121977238e-01,2.782834577743927840e-01,3.779142923027523637e-01,-4.430133912563030685e-01,-3.643070095595458691e-01,-3.408325107945440590e-03,1.234199475142244290e-01,1.540715179469808460e-01,-2.637671731924501883e-01,-3.420338868748608041e-01,4.264822342090955898e-01,-2.599291439899578116e-01,-4.821717633832891536e-01,-2.171385677294840888e-01,4.875131107134670488e-02,1.333199710572758323e-01,2.373288726650114033e-01,-3.544116046283926624e-01,1.539026404296811590e-02,-1.798058548310819127e-01,2.287931897684143401e-01,-1.365610079463981941e-01,3.118422223799392490e-01,-3.086574840954869337e-01,4.901673375248937758e-01,2.315173904747043140e-02,-6.928827690224041713e-02,2.263409693454738192e-01,-1.360555242690137667e-01,-4.643903626023639375e-01,-5.912357511294819012e-02,-1.942298620182370539e-01,1.769064127936628983e-01,2.671473144340010680e-02,2.879452516609732338e-01,-1.074516029934102952e-02,-3.400380280873541716e-01,-3.345543493431608062e-01,7.040979564648015832e-02,-2.357171802908570035e-01,-2.884125796123672147e-01,4.417827141119312628e-01,-3.559789885051041214e-01,4.155026054605441832e-01,3.892585337953004265e-02,4.369080143798881877e-01,3.380040693106107219e-01,-1.979705560801351960e-01,-2.300401710121347323e-02,-4.147169986184068291e-01,-1.323262649319826845e-01,4.233207635661504487e-01,-3.962871524448330907e-01,-2.595621807436357953e-01,-4.572735799096543929e-01,3.786502435196524852e-01,2.103931582872777539e-01,7.045039302074856957e-02,-3.296375965066605102e-02,-2.404089791698807155e-01,8.731286820562697559e-02,2.027155291787950397e-01,2.929995049955576580e-01,-3.085842769997598212e-01,1.365583666176080069e-01,1.754203023862531408e-01,6.945899727115277533e-02,2.275458070341958572e-01,1.851890485845850490e-02,4.514549896334741907e-01,1.606002218893239353e-01,1.423260943968929493e-01,-4.787821923240767608e-01,-3.321579145921750853e-01,1.117405734736340306e-01,2.669116547094946279e-01,-3.554110222117261020e-01,1.378455204050049732e-01,-3.580094407951884272e-01,3.079490341905395945e-01,3.201039668307942287e-01,1.206139860847025291e-01,-4.177643950754556523e-01,-2.205615733761653874e-01,-2.323911093220544788e-01,-3.873504462191720149e-02,2.807070672199591388e-01,7.211438942668307872e-02,4.874323461179757011e-01,2.087078972695234069e-01,-3.503592110256137926e-01,4.517418949691953123e-01,-4.481607745376233187e-01,-1.663185005222548030e-01,1.381641086748583713e-01,-9.933465089997939312e-02,-4.710673092405580076e-01,-2.013602853434227347e-01,-2.505592201220242510e-01,2.743169090739898675e-01,9.240832750457171618e-02,-3.753552913491305931e-01,3.740029239079876167e-01,-2.891578272534225946e-01,-1.959338216910232189e-01,3.932001120148408413e-01,2.483857513953958984e-01,-5.243429458151413480e-02,2.551354594838415105e-02,4.791690195290001508e-01,2.034693121742613964e-01,2.157291484331345099e-01,1.557821794718094455e-01,4.881009462675863220e-01,4.297879611484164419e-01,-2.033649432061927775e-01,-6.982291675205518078e-02,1.744631142679297087e-01,-2.630995800442424981e-01,1.724009263769925027e-01,4.079451796357852489e-01,-2.014672681553433820e-01,-1.324811613566262147e-01,-5.775641554382109771e-02,-1.136823150065844334e-01,1.391699515593690928e-01,-4.553114920878759686e-01,2.807694028290934618e-01,-2.146577126503563804e-01,1.368266823310794467e-01,-7.041328713357714042e-02,1.038653565304144127e-01,5.353547564609329595e-02,-3.906321801100935687e-02,-3.169288197089664694e-01,-4.706042117495173871e-01,-4.152660366543562409e-01,-1.093224983367054454e-01,-2.515821723549481193e-01,-8.574182281647035843e-04,-3.331546479503286889e-02,2.770892821729242089e-02,-3.641128539427491706e-01,1.826219050379787167e-03,4.505769979348213106e-01,-3.245040954476808848e-01
-4.844639958330025920e-01,-1.611116287254074075e-01,2.084993698221543346e-01,3.302131216198475050e-01,-4.215291356750607843e-01,-4.900442302298832487e-01,-1.354064101041871637e-01,1.012278502112073653e-01,4.308204519632743978e-01,-1.595483627652393988e-01,2.666806253601486931e-01,-3.259214008558335984e-01,1.409725556069863495e-01,-2.439765165250493140e-01,2.168231212393426366e-01,4.163754457275924969e-01,-5.859337623402634948e-02,1.872183519223844517e-01,-1.460169049290438725e-01,3.532741544345828211e-01,-8.986838413517107826e-02,8.021361936136789383e-02,4.864538636924955473e-01,8.024061621468375760e-02,-4.716975144283219734e-02,-4.609786538218100804e-01,4.631631806448001099e-01,2.536533039598847308e-02,2.010402652941124246e-01,1.339524379783492147e-01,-2.587199437722300099e-01,1.468301367088870879e-01,-4.026450868805397931e-01,-4.605028680808747610e-01,3.409491236419857074e-01,1.007820455016075201e-01,-1.954861004336759522e-01,4.083788206196354437e-02,5.790266761955965152e-02,1.646577201063244567e-01,-4.998664223658503269e-01,-3.528969545287207188e-01,-4.180701630509842670e-01,2.499591023451329663e-01,-4.766526919881219210e-02,-3.016148605040882558e-01,-1.255139419322428562e-01,1.889293957291899029e-01,-3.970879682466093435e-02,4.765743758219422033e-02,4.375330903642307145e-01,-1.011997422181989126e-01,-3.956621274891015116e-01,-3.932238697074761369e-01,2.247173578122594328e-01,-1.852861013611789565e-01,-3.875807961685471259e-01,2.798463361785217818e-01,3.834702341728413733e-01,-3.976431597415366892e-01,1.193521285556570222e-01,2.929830889784369452e-01,-2.423206268604302660e-01,3.391816318805861430e-01,1.826065981397744509e-01,-3.084667104967783735e-02,-3.342844275138847632e-01,-2.421672936740976445e-01,3.717626710200164775e-01,-3.201586599524173238e-01,1.917103205000787181e-01,4.164311365881355476e-02,6.040240329732115415e-02,-4.828087839420699412e-01,-3.729020373455955162e-01,-1.853882282117981506e-01,1.451180809389715498e-01,-1.053478515934267029e-01,-1.634673430247822190e-01,-1.101364572120204222e-01,-3.688424345007257354e-02,9.702480400378744874e-02,8.085524194675100529e-02,-1.420051084468418601e-01,-3.154216817973929526e-02,3.050645714411884812e-01,8.901532307958248680e-02,4.766234998439744519e-01,1.024737048223884756e-01,-2.171895701255779632e-01,1.284977746063256480e-02,-2.597863399494689321e-02,3.461278001362073087e-01,2.460645071946575835e-01,3.805875053560763277e-01,2.181512309873751831e-01,-2.866236371133649707e-01,-2.435342021373825272e-01,-3.354791460736133990e-01,3.798770287384967137e-01,4.112506560126528155e-01,-1.703241102682608032e-01,-4.767708984812230599e-01,-3.573274562692097672e-02,2.834429884604626193e-01,2.028354795748647521e-01,2.025670541168308192e-01,-4.750037443276101112e-01,-4.016400595017235453e-01,1.914339389964198612e-01,3.185426406008772249e-01,-3.168528677220750489e-01,3.380925761558006282e-01,4.575150037350954046e-01,1.016347060484565912e-01,7.679251613484709693e-02,-4.670776478970226075e-01,-8.605697086402597229e-02,-3.314046645605751851e-02,4.591185108300728790e-01,-6.068867651389562440e-02,-4.934515650637004147e-01,7.055975684259006842e-02,-4.318791043204020519e-01,4.556133847500166145e-01,1.703704348856391049e-01,2.111509873639927926e-01,1.926804900763849637e-01,4.417815702075355011e-01,-9.505269219399559155e-02,-2.197559604034830250e-01,-4.542029813319655163e-01,-4.733924212378033403e-01,-2.282449068545244764e-02,2.569085001181617423e-01,2.459204205898178897e-01,-5.088153333011009583e-01,1.055120732984373283e-01,2.952165318102333846e-01,3.910860332050739574e-01,3.057646072031271478e-01,-1.010404634331735496e-01,2.200187079491563169e-01,1.932282198248623240e-01,-4.058948037030377098e-01,-4.889354979622814179e-01,-2.117688548736754162e-01,1.459308215287900279e-01,-1.086638474152608613e-01,1.450881162770435162e-01,2.750304740581220875e-01
2.713685367339355725e-01,-2.168166700089346199e-01,4.717371717135773190e-01,3.628023007632191765e-02,1.360174833159867869e-01,1.468125384121941324e-01,1.933798339658738263e-01,-3.523512767113428090e-01,1.955474104788003653e-01,-1.011168197810235758e-01,4.735439116753743516e-01,2.206323225196369919e-01,4.739901341063116891e-01,4.922064081306763983e-01,3.166885872782450040e-01,9.867626051558972544e-02,1.006759575493569037e-01,-3.031477669130600017e-02,-1.303254417772992113e-01,-6.305426111972863013e-02,4.134888183467188560e-01,1.572463781715442155e-01,-3.300749521463168801e-01,-4.457942173754520510e-01,-6.084882498801269524e-02,-1.051693897445196008e-01,-4.361693458297140058e-01,-2.710125552636475921e-01,-1.591602801845145576e-01,-1.238824521341115731e-01,1.267425044180117699e-01,-3.452691264321073317e-01,3.217870666074818531e-01,-3.328086374903789502e-02,-4.308746324796929317e-01,-4.004131765874479054e-01,4.491671627676043221e-01,-4.600132695719214571e-01,1.489834715062661463e-01,-2.920557288612876667e-01,1.542046916202121642e-01,4.843358105183152573e-01,4.299970852906319085e-01,-6.598629045148368677e-02,-6.849474418578874180e-02,-2.105742660293464519e-01,-5.958599365120231806e-02,4.655342640834155832e-01,-4.652631055864820397e-01,-2.111292536110932760e-02,3.957256210821168962e-01,-3.933888773067960587e-01,-3.832887717827952456e-01,3.050028313867791385e-01,-2.171737795046390085e-01,2.998641117892348884e-01,-1.965575343729109026e-01,-4.703051909755655013e-01,3.271576694373117822e-01,-1.681804376833339609e-01,-3.020972060213259272e-02,-4.345175574600425583e-01,1.521644226987354520e-01,3.312590910278855882e-01,-2.610105883407262684e-01,4.190310474125998885e-01,1.335950682044507454e-01,4.819749014274556792e-02,-3.493065453808499310e-01,3.854454901217916341e-01,-6.889433514520237889e-02,-4.801379696884479076e-01,4.248640416658734931e-01,-1.296135610179040276e-01,-1.683266402023914365e-01,-4.402195381128932716e-01,-4.697750594817832193e-01,-4.604099131066218265e-01,3.551689116828789516e-01,3.785540354699575283e-01,-3.026803099092034710e-02,-4.212193145427063912e-01,-3.700513634147602482e-01,4.502231110564689498e-01,6.684565269000282417e-02,2.955916978539828710e-01,-4.231680131778345899e-01,-4.538909917115564463e-01,2.771265321119327218e-01,-3.841994726815347594e-01,3.207014508405665043e-01,4.349236182459313982e-01,-6.870479917605593068e-02,-3.923367024218626375e-01,2.176220169297594098e-01,-5.432853101310990140e-02,-1.481486003347984651e-02,3.735096589338766648e-01,4.044960796133621056e-02,-3.603338664000503289e-01,-1.227254211613739987e-01,3.508202128241298401e-01,1.144589130227428343e-02,-4.088284023161828928e-01,4.623910880605363975e-03,-4.652605052712271982e-01,3.556725685207847154e-01,-2.331443552443483724e-01,2.164927694731448582e-01,5.083026370529886151e-01,3.963674499576825827e-01,3.359919338344097978e-02,-1.761544256930898111e-01,2.014591499714309397e-01,4.661131942563345731e-02,3.866207134782747579e-01,-2.578247077245116037e-01,1.934551454450641472e-01,-3.476415833949880740e-01,-8.940140644494726230e-02,2.774715786261062189e-01,-1.365705947818505461e-01,-2.318811027347553178e-01,-1.470977102008658999e-01,-1.481290370461680328e-01,-4.836512001934728522e-01,-3.577369787841658266e-01,2.460948532394184873e-01,2.061270195983849751e-01,1.524823896827339764e-01,-3.631464875599066389e-01,-3.800670137278777116e-01,-1.206537663242625291e-02,-1.609581212220290158e-02,-3.769959901580918760e-01,4.818983558953086610e-01,3.033747828652645362e-01,3.747474508868679499e-01,-3.580690092891504195e-01,1.591026081992872876e-01,3.291995211168396440e-01,-1.757252487047731015e-01,4.799529643495398790e-01,-4.070034381951555535e-01,2.932424325671838528e-01,-3.078336484633477643e-01,-2.231541226142671475e-01,-3.039430221390436171e-01,-3.876807141830931891e-01,1.709028734349722078e-01,-2.131313987198156235e-01
2.992529600813434998e-01,2.694447880796994044e-01,4.574215730640073252e-01,2.774919155947478955e-01,5.003982797983423936e-01,6.402204460882145176e-02,-4.623643455113911616e-01,-1.769084857843301328e-01,-9.953205208888540878e-02,4.771402804717361779e-01,-7.810981691673808680e-02,-2.291033778937109633e-01,2.997463133874814778e-01,4.202274554506097992e-01,-4.556951761976331672e-01,5.117813656280099099e-01,2.226808225561896226e-01,4.957520539680596583e-01,1.485574574508520262e-01,-4.845896168876849264e-01,1.783223980555432853e-01,-2.665753458948952326e-01,4.884640151145321907e-01,4.416269424461957138e-01,3.607582358944525502e-01,2.090238932470162847e-01,-2.474044751331581915e-01,4.279886309897891761e-01,3.296915847579154346e-01,1.339284115538393882e-01,-3.290473204548577391e-01,-3.007530080321205168e-01,6.691928662515034265e-02,1.025311879251337988e-01,-9.198871042462683500e-02,3.135186336470994206e-01,1.805285470395862346e-01,-2.378824473993043087e-01,-4.699555969307666059e-01,1.290479017215452329e-01,-1.706025373688578595e-01,3.805001300353788585e-01,-3.386451934806747333e-01,4.863330586588299198e-02,-3.020709370156619000e-01,4.667091779214841418e-01,1.429395418099987936e-01,2.534661105415624283e-01,3.903697184525877217e-01,-4.612859485028987516e-02,4.674009529606702740e-02,-5.036086147167446320e-02,1.190752866857291009e-01,-1.835101616013651848e-01,3.219636033970607603e-01,-1.347832452136143999e-01,2.702483743387711357e-01,-5.041970110285141082e-01,-1.338094905475388507e-01,-2.010569073694675607e-02,4.089931623449437059e-01,2.229526186877604788e-01,2.368914251624047729e-01,1.431561693631066556e-01,3.998233888481050879e-01,2.130881757444562929e-01,1.314746392777522421e-01,4.208560239281212145e-01,2.586832615041155248e-01,-4.804240810872449363e-01,3.763462525827616090e-01,-3.104703144087277988e-01,2.474606989000139867e-01,-8.661779519438818353e-02,-7.508445748055517233e-02,-3.486523953529538922e-01,-7.494867419180707702e-02,4.905738474288969808e-01,3.234120444231087244e-01,2.418550261523271516e-01,1.429373677738453585e-01,-2.867996809859407747e-01,-3.959933861585008263e-01,4.324637137553542510e-01,4.257917979303602052e-01,-4.977810881971667101e-01,4.110860451208032673e-01,2.337770710639551497e-01,-4.012546688768998115e-01,-3.457774724789581811e-01,-3.236303150797600892e-01,-2.433967416304121945e-01,4.019488972721742548e-01,-7.882007717764738519e-02,3.847659489892332751e-02,-7.566666487525264273e-02,-2.921199151648162448e-02,-2.494585304650500379e-01,-1.831813316713825079e-01,-2.457585191516232781e-01,-2.132818613130194330e-01,1.081955832938474582e-01,-4.766863157274836560e-01,4.478046051376364245e-01,1.447793852881527378e-02,1.245265948751155720e-03,-8.020261141858738008e-02,2.370274122939844130e-01,2.602687203360244395e-01,2.310016604677131435e-01,4.653969418921720669e-01,-7.323659877996606393e-02,-4.176432279698354955e-01,2.983359278260913627e-01,2.124728248374596618e-01,-4.640240629683109463e-01,-7.179732034161667720e-03,3.097742228956150701e-01,4.481323852437311683e-01,-1.367288915899995128e-01,-2.775521929350669922e-02,-5.207481451068251416e-02,2.423711784405840619e-01,2.034542329598488797e-01,-3.669995064949179570e-02,-3.116778431986870768e-01,8.714098316004448286e-02,-4.697115718696879827e-01,-2.118168796536050724e-01,-1.921381918308704417e-01,-4.333150370478273672e-01,-3.913536840983646847e-01,2.883162320132620637e-01,-4.684360601844472782e-02,-3.713720745212566454e-01,4.355690473912286476e-01,-1.922233310127305084e-01,-5.262809492784008975e-02,1.898299366355412632e-01,-3.482826056865235276e-01,2.740999048889042888e-01,3.589781029252484545e-01,-5.891758693631476453e-03,2.090686968592940231e-01,2.233790889419448034e-01,5.379318105210117995e-01,2.903660496875400954e-01,-1.382026343579973449e-01,1.099172968404182014e-02,-1.061609326813455212e-01,6.620652440762547775e-02
3.957650580097308302e-01,-4.038051045171246467e-01,3.942129936601289075e-01,3.718482910035660928e-03,-3.550018438408681920e-01,4.339911938982661810e-01,-3.051377114839744498e-01,-4.731953869194210904e-01,-2.917804325917832883e-02,7.383658624527827952e-02,-4.494661708582242676e-01,1.292684297262111093e-01,6.312069397703601314e-02,6.317446563283139749e-02,-4.192973835748735612e-01,-1.430116536703191776e-01,-3.694213339560823428e-01,-3.208343749840965320e-02,-1.293802948461846014e-01,-1.703441766461133711e-01,3.817982831670787003e-01,1.242199598365505975e-01,-3.899438255130647790e-01,1.576702370382649376e-01,4.962462900587857328e-01,-1.346922653199416897e-01,2.706313110109146436e-01,1.571554360283745622e-01,-2.466401071582900728e-02,-9.547193089509700692e-02,-2.859947445779859043e-01,-8.217425833201143226e-02,-2.331824618326577003e-01,-1.400704624484588531e-02,1.693792178012253347e-01,3.868669672069712240e-01,-3.548104422586002005e-01,3.099729261974409900e-01,2.619610998541207492e-01,1.272773158822619877e-01,-3.079255143282442764e-01,-4.282354568729626609e-01,-3.631945092110072104e-01,-1.782106264956852260e-01,-2.087105260250454453e-01,3.103967650612992624e-01,-1.564086806324019863e-01,-3.376089134189184104e-01,4.756854012278181054e-01,2.050024391198804474e-01,3.033085210378220764e-01,-2.789458297268254585e-03,-4.029970466327251200e-01,8.616755898095281030e-02,-5.525694244227163932e-02,-1.819305913850503553e-01,-4.125167822654899341e-01,-1.839326680243529022e-01,-2.275951385074575228e-01,-1.437378103849651367e-01,2.135284179821404227e-01,-3.829851821352081020e-01,-1.213892034105633483e-01,2.589902827445740296e-01,-1.905018754404577408e-01,3.559383431014625510e-01,3.640600738787841961e-01,-3.107775916659222259e-01,1.496214370067884825e-01,1.396242248146178644e-01,-3.302890798720130583e-01,5.751424595568286474e-02,-2.476589019682547479e-02,-2.592511399594185639e-01,2.133402921876488001e-01,3.955642760390848944e-01,3.964332208064414442e-01,-3.945496378791017444e-01,-1.212086974507520232e-01,-4.106205960094865826e-01,-3.613790508629599607e-02,1.631344332591536939e-01,2.067516304850495479e-01,-4.423713852043345551e-01,-3.862212253154253538e-01,1.321371307238180803e-01,3.349313840572473167e-01,1.077996825882646947e-01,-4.060874933298334044e-01,-4.183559398850361100e-01,8.058311559300461446e-02,-2.830918861048455359e-01,2.475889283674671260e-01,-1.978225361944745686e-01,3.259949868716398025e-01,4.021341204036978367e-01,3.116353909209662251e-02,2.024902485248793182e-01,2.641025375182844970e-01,1.267085033349326650e-01,1.468471636316023843e-01,-9.624200747000202782e-02,3.930013577001270075e-01,-3.227735526874660477e-01,-3.381902159388445739e-01,2.243785110630122925e-01,-2.884085217447251992e-01,2.028107407942689178e-02,4.013933243366309966e-01,-1.424956587673916752e-01,2.357602210126156506e-01,3.690835681153032399e-01,1.586268786185750512e-01,-4.091541410276660073e-01,1.635148692379795321e-02,2.963868227987562776e-01,4.977688960638958493e-01,-4.134032270658977160e-02,-4.437401039029789107e-01,-1.506663466755666092e-01,-5.329812364195390820e-04,4.292392509185592453e-01,-4.323787018942221172e-01,4.158093911983717916e-01,-6.027421042310055627e-02,-4.004044159765440258e-01,2.515868278966144067e-01,-3.788286953885973696e-01,-3.658663465250450719e-01,-2.631363375713188235e-01,4.722404145639814282e-02,1.602979023489907728e-01,3.603649543056764992e-01,8.973701278997425757e-02,1.375645981857230027e-01,-1.871526965382364419e-02,4.479217222681470233e-03,1.628196633280004635e-01,-2.303049724819631050e-01,-2.038894652057689494e-01,1.232497661945662765e-01,1.217507841324807633e-01,-3.196665083922416994e-01,-3.043937405314767197e-01,4.858669505749665940e-02,3.327783345401797988e-01,-1.883193252490280856e-01,-3.260100870698113829e-01,-4.514180436590522483e-01,3.016608907044016075e-02,2.856732856420672942e-02
1.126638923805490106e-01,4.656591076319596678e-02,1.589534694702624817e-01,3.699990451293140858e-01,-1.826489654892665404e-01,2.960657419044386285e-01,-2.731942984577553357e-01,-1.693223633873486011e-01,-5.549044932816336699e-03,1.992102938482220864e-02,2.376692220391958266e-01,-4.734753497446184678e-01,2.384138217705221718e-01,3.061677692499112924e-01,-4.988909204881587511e-01,6.222714220782792072e-02,-4.812728326596852346e-01,-3.616812470209988528e-01,3.711879029252005968e-01,-4.453833964970745907e-01,4.073999695796198250e-01,1.674286029726245462e-01,2.659259227016945171e-01,1.755603576087030604e-01,2.583811598252792052e-01,2.320332477815258143e-01,3.949315252131539444e-01,-1.401436956285184166e-01,-1.169356500955896216e-01,1.493419357939587133e-01,3.023461633021385167e-02,1.785841026795512154e-01,-1.318356098582414149e-01,-8.161234603942642274e-02,-1.078591005439384215e-01,-4.603651792083900407e-01,2.364756661372638957e-01,6.907720871251492312e-02,3.859482638542248156e-01,2.369746676708728572e-01,-8.509597731254295305e-02,2.753811624264141389e-01,-4.366548009550553777e-01,1.360425628787728103e-01,4.311085457097243445e-01,3.916112530090362642e-01,-1.835917923569932997e-01,-2.193110248978318022e-01,-2.051744613667690065e-01,3.867603088661775712e-01,-1.577490674234559020e-01,-8.666037796923244108e-02,-1.701969984063654295e-01,-2.338924703965005736e-01,3.700985484150163263e-01,-5.631122687890389306e-02,3.422285203415421223e-02,-9.886558521463251203e-02,-1.646258206571008798e-01,-9.640778607157207691e-02,3.950612456099164005e-01,-2.193402800830556998e-01,1.964804362946802330e-01,-2.858316461838751876e-01,4.090553808317353712e-01,-3.308528288654116051e-02,-2.012236016715447662e-01,-7.142946268455109549e-02,2.397848127918996708e-01,3.566220610139845815e-01,3.125680621344016363e-01,-3.704373551344370408e-01,4.672980983531454524e-01,-2.266883679281827407e-02,4.514096102158023371e-01,-3.290305082320208463e-01,4.408171021407359946e-01,-3.073480227968093392e-01,3.693581720538626767e-01,-2.292461869598439173e-01,3.409506343770293268e-01,-3.362084343538352393e-01,3.547224707343383798e-01,1.612542115188164704e-01,-3.779805013494850208e-01,4.368290754392716302e-01,-6.597709679150409734e-02,-3.161104850974481018e-01,3.436692799110967478e-01,-4.457882483501416360e-01,-4.618010735697069546e-01,2.372447795225292588e-01,-4.101387535401005424e-01,2.464103632591873871e-01,-4.054795884072728285e-01,4.397095785528064571e-01,-3.624388682026331576e-01,6.276925446100264927e-02,1.461216634339900233e-01,-1.337586398462612403e-01,-4.041388947492511874e-01,-1.163965619866315533e-02,-1.641551362716106854e-01,3.910175155793861879e-01,-2.968751452051671680e-01,-2.762279970041418009e-01,9.740169193389908164e-02,-5.585098524057330316e-02,-2.131032506328959797e-01,-3.596662734155211538e-01,3.400530919306413158e-01,-4.044564139417229365e-01,4.040161043733224155e-01,4.404887383082251584e-01,-3.697477491354029810e-01,4.240854564058528786e-01,-2.342897558828170856e-01,2.924697375244357800e-01,-1.753399360722654177e-01,-5.419803219113413645e-02,2.104547200041343991e-01,4.627798422839352055e-02,2.572373345977099768e-01,-1.036917044635980445e-01,-4.379843677832609972e-01,-1.564863850237842302e-01,3.846020122407265984e-01,3.024192808544163280e-01,4.261577616458503415e-01,8.919136318495257676e-02,-1.718304182447728257e-01,-1.828711243161378758e-02,-6.812748124079200454e-03,-2.549884588747046710e-01,3.713125976475907808e-01,-4.408231087885207122e-01,-1.683470031970899228e-01,4.780039440589625710e-01,6.001070853859023085e-02,4.439696922597361484e-01,-4.936131052368853966e-01,3.116603164134689186e-01,1.256623962022197227e-01,3.563061595607955323e-01,2.347166529908406851e-01,4.995408806206221297e-01,-1.623171351733931345e-01,2.440013787477044727e-01,3.446243956386365048e-01,1.932844019597395047e-01,2.913915919673566446e-01
3.191625274925354305e-01,-2.282151544105879282e-01,-2.167670724604890964e-01,-9.610148346279155651e-02,-4.759972199626608669e-01,4.049660314489268442e-01,3.107130042945835946e-01,-3.680373277669977128e-01,3.182065404096568462e-01,-1.700970798413966589e-01,1.067607411816535179e-01,-1.076396962580559308e-02,-5.531430239291834638e-02,1.090636888517652892e-01,4.077921248749189487e-01,-8.589584523809634664e-02,-4.733389742783022935e-01,3.513806997120506592e-01,4.519006876470311740e-01,3.074685968010283932e-01,-3.433274234434153249e-01,-7.880650409107306520e-02,2.568823882335887765e-01,3.635986957042141587e-01,3.698626966403875116e-01,4.209085845148305971e-01,1.416323001205558041e-01,-3.612955540475144001e-01,-7.972836295962734687e-02,4.593931127340513676e-01,-3.677741486470905707e-01,4.329333246449558747e-01,-1.404218674974561099e-01,9.089441695558908574e-02,3.134525722446388496e-01,-4.070808794922913254e-01,-3.860746261464031992e-01,-2.155730467396703431e-02,4.043240003929497450e-01,4.691693025494617642e-01,1.543029244442452041e-01,-3.085192609554204268e-01,2.933591533771395254e-01,-1.237799575193880841e-01,-2.356895032894205100e-01,8.991132805186356769e-02,-5.707468160539963531e-02,1.924532812784305116e-02,4.704454659573351627e-01,-4.616227648293189656e-01,3.735509100986600384e-01,-6.650976157049472148e-02,3.457350151451746845e-01,3.759934717235945412e-01,2.368546705318208545e-01,-2.621590824896338420e-02,2.171514561483242969e-02,9.642502009608630575e-02,-1.044851691209435218e-01,2.135414391759233865e-01,3.549641021914861638e-01,-1.627279319660100421e-01,4.544969861995024618e-01,6.272071859903260993e-02,-2.063469218730207277e-01,-3.374737194054643896e-01,2.263390694855109686e-01,-2.189124882243275172e-01,3.087625130784327210e-01,4.470465302734241697e-01,-1.475980249434290237e-01,-1.221236530497678829e-01,-1.982082373807203812e-01,-2.443223774638969281e-01,4.988009475433561324e-01,3.274540795342286703e-01,3.652001244067097918e-01,-4.723070959221254972e-01,4.527280917222055723e-01,3.239922083563286925e-01,3.232699870006049414e-01,4.266139909595849655e-01,-8.792211889362860910e-02,-4.232301584931360550e-01,6.987723274789106598e-02,3.569249859002732173e-02,-2.840689843593948716e-01,2.426259721082467957e-01,4.851825948880549855e-01,2.162718818171822655e-01,2.941425748030265241e-01,2.727470430220113040e-01,3.103601712309246308e-01,-3.402996715931522753e-01,1.055951832856258932e-01,1.083176735665645207e-01,3.736865900576353261e-01,-6.227508789889323743e-02,-2.398290916248848603e-01,3.662169109687742757e-02,-6.309512233087569838e-03,-4.831706580052954059e-01,-4.512238830758238395e-01,-3.117261353496425524e-01,-7.507694754140768582e-03,1.585434019511691162e-01,2.013281439549829965e-02,7.491961344409923951e-02,4.919995558851095740e-01,-4.123567025604534253e-01,-1.272986319221491858e-01,4.536699372442454248e-02,2.906771982130210152e-01,3.838360650924196316e-01,1.202399085045302574e-01,1.554480951302679714e-01,3.943519707512229688e-01,2.919891791506392664e-01,8.077048979442411070e-02,-4.878198908721933513e-01,-8.739129844572128547e-02,-4.291271859685729106e-01,4.628480325581472710e-01,3.266341147313271964e-01,-1.536734766945720976e-01,-3.995519442317864711e-01,6.404728015602385860e-02,-1.479010652450004626e-01,2.240338631132435809e-01,3.372969749712343424e-01,9.697789630313141673e-02,3.180378748522592058e-01,-4.915470453141713714e-01,-2.665413556928616368e-01,-6.913175660564545300e-02,-3.498496257926987651e-02,3.127061498336683454e-01,-3.244953029603298011e-01,7.248678758901916375e-02,3.816897730402971090e-02,1.483542076957644340e-01,-4.863271959455062188e-01,-4.558596229366648767e-01,-4.091072818088220542e-01,-1.063590927797849056e-01,9.782759720834771633e-02,2.341851882301015375e-01,1.509030664810277200e-01,-3.922112688406571013e-01,3.658267486161890236e-01,-1.052226027207694425e-01
3.163585367922062130e-01,-3.288405473986907301e-01,-1.197082981112763816e-01,1.702202431403252447e-01,1.296525570374084113e-01,1.888954755035442828e-02,4.232823187311661184e-01,3.108424357997904286e-01,9.576175801151791400e-02,1.781639420714346833e-01,-8.481910477185157504e-02,1.359005547382748091e-02,1.302580315447858794e-01,3.374571257985556905e-01,-3.003571956655141095e-01,-4.201030925677925326e-02,-3.159592481864719749e-01,-3.027998640243451112e-01,-4.643219072036245398e-01,-3.811508781271029100e-01,2.573499949841986378e-01,-1.700868961632043819e-01,-1.952494111388120568e-01,-3.556398063217584560e-01,7.638178557581065675e-02,-8.480423134380876693e-02,-4.446265090098948658e-01,-1.174017864438468423e-01,3.079491066137866051e-01,2.566687564677744837e-01,4.748162753089723576e-01,3.575619837094961007e-01,-2.303411696216252184e-03,2.919564512416509272e-01,2.853935362626909833e-01,-8.997441260720662193e-02,-1.131630005809524109e-01,6.031170575209671147e-02,-5.743827900663145414e-02,1.216654212124780032e-01,3.137723723386898200e-01,4.189758000480032774e-01,1.430172814131846770e-01,2.471779728829468989e-02,-2.842601631633415171e-01,-1.004237061164363343e-01,-2.757535683232071877e-01,2.289831041772479037e-01,4.025045131053407721e-02,-3.466041165809771729e-01,-3.347794391381751500e-01,-4.718399507691075634e-01,-3.860892965114686715e-01,1.190720595285322536e-01,1.376427337213039781e-01,2.829296767601250165e-02,2.894447505231076967e-01,4.628735887037076224e-02,-2.434982331717576443e-01,2.655520050868209192e-01,-1.333405845424733005e-01,-4.550621498276761767e-01,-2.840836052575235193e-01,-5.512521828460492657e-02,1.128592863996401297e-01,2.795799843358101611e-01,3.614545306810950653e-01,2.742885882083176963e-01,2.515700880349023838e-01,8.960052146907143689e-02,-3.068604500043209393e-01,1.658335002592232488e-01,1.943725293874758731e-01,-2.318943417114825434e-01,-1.286387025847043897e-01,-2.059702374574852723e-01,4.955729782373996528e-01,1.967159927485703785e-01,-1.408379112440009406e-01,-3.050894185978038076e-01,-1.594560799553939034e-01,-2.588762333581282604e-01,3.308037281079225789e-01,-3.121242914361765375e-01,-1.207016146818906260e-01,3.489576306883802881e-02,-2.485625619828782940e-01,-3.307517535490895333e-01,4.613809685369289482e-01,4.032792497302492007e-01,-4.731738587540038066e-01,3.359396988150856189e-02,-4.563089069136505582e-01,-6.624462565104656531e-02,-3.903642170199483341e-01,3.045711630299807737e-01,-2.988027620108753557e-01,-1.996257264068752035e-01,-4.141447093538164204e-01,4.682585933394881050e-01,1.924629497160587404e-04,-7.772008995260354380e-02,5.305258870976919949e-02,-3.204368936311596805e-01,2.974509099632611786e-01,-2.128933732806012613e-01,3.471045868736566398e-01,2.393872187869586776e-01,-2.053993225562737168e-01,-1.409029138229901494e-02,-2.054441508098698299e-01,4.401937683431593751e-01,3.490766910845831683e-01,3.905231352089248015e-02,1.897376719157832792e-01,-4.232430154870596151e-01,3.007330461428917578e-01,-1.417032522503410552e-01,-2.314377642468526397e-01,-1.720553369680003497e-01,3.891578856704062672e-01,-3.968009341541645640e-01,4.901600503029809319e-01,-3.642004861801118043e-02,1.271995106661398811e-01,6.705157835883196644e-03,-4.373408226400745114e-01,2.658248776327533647e-01,-9.905569863871249714e-02,-1.788265765538010754e-02,3.214558114008655432e-01,-1.884349428665412773e-01,-3.590415140461041266e-01,-4.543757631579686818e-01,1.900505063386609406e-01,-4.335413116758622953e-01,9.369031455333837188e-02,-4.324312691701791556e-01,-3.876384898919182365e-01,-1.059362010484477812e-01,-2.078488572550334090e-01,-3.928365353848207175e-01,4.419821499034244927e-01,4.463474338817769449e-01,4.628321986394633991e-01,4.797273217913466947e-01,4.096608777049757788e-01,6.603988094994618641e-02,-9.575938537532381611e-02,2.418243734648213850e-01,2.389369850239499854e-02
-2.726688113376142808e-01,2.757118661479824873e-01,-3.369451780417772602e-01,1.515711477655717898e-01,4.493310848746761565e-01,3.539959758087173752e-02,-3.544410995786214102e-01,-1.419455891089283772e-01,1.067217133744604272e-02,-6.772568316597282756e-02,-3.509263403387857250e-01,9.867364773810162470e-02,3.800125583030545817e-01,4.717323797609108693e-01,-3.189525974404675557e-01,1.585740736006207852e-01,-4.782360841731538303e-01,-3.501805357453400269e-01,1.337775341404450098e-02,1.060880922559722245e-01,-2.521231413947049860e-01,2.346845660099284858e-01,3.920513496639640993e-01,4.704230328500889069e-01,-3.960731794222487334e-01,1.834488134537251569e-01,2.309890703930858602e-02,1.980912468208125832e-01,4.337532580815569583e-01,-2.136446229518682294e-01,3.813906700785785753e-01,-4.093038412663243530e-01,-4.586649776468350037e-01,4.246666325970692712e-01,-2.410660064719537532e-01,2.106481666867522362e-01,-2.805465830062225940e-01,8.850628428233744960e-02,-1.597146684866958266e-01,2.217259444690981574e-01,2.448099185939226763e-01,4.023417531685130610e-01,3.030632196967962266e-01,-4.994261327103009102e-02,-3.727717305381828550e-01,1.713906521970678387e-01,-6.075034339390483762e-02,2.089404627369855494e-01,4.881526140695082727e-01,-1.651158084603656373e-01,-5.632533123856284241e-02,-1.567461696147758876e-01,-1.785860948496800493e-01,-2.575941745154042284e-01,-1.471328531896656244e-01,-1.379417240769846287e-01,-1.415651550376332835e-01,4.477153604606312065e-01,-1.247142213596720423e-01,-4.825807854994750845e-01,4.650739072505005733e-01,8.147823940735547665e-02,-1.920490218290319129e-01,2.938942863205064038e-01,-4.782570525171427889e-01,3.547939486268010811e-01,-3.811821322019482428e-01,-4.758018888548293801e-01,-3.565131165656863499e-01,3.354704611317121388e-01,-4.493285797048429675e-01,4.134757897435184515e-01,-2.081833173906939283e-01,-3.029961990175925046e-01,1.552978093663018311e-01,-2.573751834708697950e-01,6.515903782251752929e-02,2.634995484593211090e-01,1.677426952301526164e-01,-1.824665224059367208e-01,1.333280257593095763e-01,1.287511544886026094e-01,-4.792402262517992950e-01,-3.928911996803528123e-02,1.335707406050930524e-01,-1.184559295639055071e-01,-3.395719995701391714e-01,4.129993437924365796e-01,-4.891340125279964313e-01,3.650719424301788751e-01,-3.333353219657094191e-01,4.913866091380957868e-01,4.106437269245232224e-01,-4.081365426048843004e-01,2.676982088825169415e-01,1.678607838707629474e-01,3.648447472983399331e-01,-3.838680161414215024e-03,-1.878683960862894686e-01,2.908223851357610301e-01,2.364774243465232462e-01,3.647157360621083866e-02,4.856030808591818015e-01,2.695698717288914636e-01,-2.913108525558467596e-03,4.258014862613807017e-01,5.997881725770998901e-03,3.433206136134038244e-01,-4.501409704717501126e-01,-3.701550744591816100e-01,-2.867408956828478850e-01,-2.678940173346573417e-01,-3.593943105325636544e-01,-4.584044252128081642e-01,5.961949446453995716e-02,8.904081157852114514e-02,2.265297681000646435e-01,1.148554864289336314e-01,-4.684558638280520576e-02,-4.985251986273792763e-02,-4.859810844967100141e-01,1.163020440965162050e-01,1.395654159732806210e-01,1.257350510785946729e-01,4.615085593749542747e-01,2.033364507784507225e-01,-2.893062933059035724e-01,1.107055616403286868e-01,5.381960950293657869e-02,1.728060498972612269e-01,9.475562401588527583e-02,2.574279580922265165e-01,-4.197347153505002343e-02,6.686078941360285022e-02,4.257322159080596524e-01,-2.359658237856813168e-01,1.626104909898486717e-01,2.378275258216877297e-01,3.207547153433178977e-01,7.348033976353787744e-02,4.744623395931113485e-01,4.628514954760155620e-01,1.383689544566624532e-02,-4.791147755501192623e-02,-3.965816887655386203e-01,8.656253061154529915e-02,-1.891725826604833405e-01,1.880051255650040665e-01,2.162026424311496164e-01,3.660265275087954406e-01,2.432253775414323360e-01
