3.444218515275057069e-01,2.579544029403024741e-01,-7.942841916915499567e-02,-2.414566757969119071e-01,1.102804538981614312e-02,-9.501095354806086968e-02,2.818790071185485746e-01,-1.966926924181516823e-01,-2.554237118823971323e-02,9.148615629667451732e-02,4.522619357800688467e-01,-4.391799761959559734e-02,-2.181621556080545754e-01,2.557270758096930052e-01,1.085033190495760663e-01,-2.494936432022831219e-01,4.005843893439634540e-01,4.827854760376530940e-01,3.102172359965895687e-01,4.022835293300834891e-01,-1.898566081951855722e-01,2.208904482825516380e-01,3.988382879680065773e-01,1.839428884018224353e-01,-2.785728454728664261e-02,-4.032915731541635851e-01,-6.582816413888256668e-02,1.108869763594134833e-01,4.155320825650176686e-01,4.676950145430271988e-01,-2.299022344728296474e-02,3.988252017543937322e-01,-2.395076896080393369e-01,3.074759497647243101e-01,5.371409577422524284e-02,-4.859582998359810446e-01,2.197046864039541303e-01,-1.011764577882319077e-01,3.248449771482329052e-01,1.681555256236660356e-01,-4.986446939350626661e-01,-9.375677833907849687e-03,3.678508526905105436e-01,-2.576718971576821837e-01,-1.747956372526099367e-01,3.704712321086546245e-01,-3.089329084976094597e-01,6.880693700994214290e-02,-2.613839921015323475e-01,4.675402368407218789e-01,3.031794692798700508e-01,-5.202861162801053485e-02,-4.195541814466191566e-01,-1.799453953274368079e-01,7.940642520573915064e-03,4.118086233648663996e-01,-3.896397452455830357e-01,6.738780196877466877e-02,2.046908201208429701e-01,4.744091132842376268e-02,3.144945131947759487e-01,4.028087622779028681e-02,4.638385459738009198e-01,1.031856279597453546e-01,8.761706604107456775e-02,-5.504043444629599241e-02,9.441714235228292063e-02,-1.150988540272278871e-01,7.913407102643073288e-02,-2.098162516448527359e-01,-3.177032919246897125e-01,-3.083243447773644230e-01,1.127731804127755089e-01,1.602837791992184346e-01,-4.209581172677879374e-02,-4.101756124688498706e-01,2.571136187158111763e-01,3.767703708227747583e-01,4.398265502388178927e-01,3.424602231403574004e-01,3.981731213578789674e-01,4.166475689719593145e-01,4.059992494826453191e-02,-9.387979067020200963e-02,2.195889237322514453e-01,-2.243658786878728328e-01,3.116287085078784935e-01,3.494863501902996106e-01,3.939888402997196448e-01,8.980118353115984497e-02,4.497649115976248280e-01,7.969515550838032758e-02,-8.296372629986142888e-02,1.602453786223889398e-01,4.958513292433726627e-01,4.169412179474560887e-01,2.994499152757804650e-01,-4.183769436188706226e-01,1.127831050407139268e-01,-1.355579803083317714e-02,1.339128892428671780e-01,3.450775756729364541e-01,-2.569633658783894159e-01,2.315318293576026365e-01,-3.956984650479691279e-01,-2.789960032796074407e-01,2.936926822723253117e-01,-1.603045641033109536e-01,3.118296886000367363e-01,-3.993824418185165648e-01,-3.536415260302816499e-01,1.976706401912388111e-01,-4.568985719293233716e-01,5.261121353008816476e-02,4.100160146990396992e-01,3.390889082561473339e-02,1.805949833439635666e-01,-4.733032050704996663e-01,1.403986229971907473e-01,1.063384177542189279e-01,7.595295111775197949e-02,-1.087905906771368947e-01,-1.315594169406073266e-01,4.805166506472686727e-01,-4.663361454136249473e-01,-4.762664817444345888e-01,4.610312802396111520e-01,-3.150280586025718810e-01,-3.793590425238778652e-01,-2.894234901133535542e-01,2.968177079721824319e-01,4.366169019569907106e-01,-4.823023819774985288e-01,-7.438116803318284287e-02,-3.985030211473541972e-01,-2.232516281172237105e-01,-2.838336017604073391e-01,1.469293864635486391e-01,-1.478220820596235219e-01,-3.209260896582978861e-01,-2.755118212299601053e-03,-4.608345723688898610e-01,-3.990780416947250497e-01,4.882351487225010667e-01,-3.006442094187440905e-01,-1.381661744795855962e-01,2.510685084581548154e-01,3.394028426007537624e-01,4.184787702424305755e-01,-3.319563155913546892e-01,1.713595957278008786e-01
4.665489030453828789e-01,-4.548505953887392317e-01,1.750874458567240610e-01,3.362238962948054244e-01,-1.589071181302380009e-01,-2.495169920422488363e-01,1.144875280889276065e-01,-6.032076126317695297e-02,-3.275097690527718486e-01,-1.614899685918355469e-03,-7.222003691435714690e-02,3.588713759576452750e-02,8.600130024117509306e-03,-1.878009283642858573e-01,-1.563309416544303443e-01,3.376612098129475603e-01,-2.449227776562872827e-01,6.060021885352395721e-02,-4.875636811706856033e-01,2.454340319642082102e-01,-1.559507622485088174e-01,-4.446055753462260229e-01,-2.169408690310197230e-01,-2.610580776768666178e-01,4.531226828585920297e-01,-1.101666695784649236e-01,-2.121220833549517792e-01,-1.418245755672205011e-01,4.545188429106010175e-01,1.343918959234410293e-01,1.030391362499083890e-01,2.396480938785259251e-01,-1.084965258896896240e-01,-1.054694975435639809e-01,1.649121699850668032e-01,-4.973039699593382323e-01,-3.087306066264922100e-01,-1.639860539254444916e-01,-2.501343247631921396e-01,8.958931268016256944e-02,-1.147297795012188620e-01,3.654575079096880064e-01,6.646145216966725666e-02,-8.922812149333379794e-02,-9.794885579978822310e-02,2.018296239344969378e-01,-8.177344670753394773e-02,1.751654995932791226e-01,-4.514233917026286846e-01,-5.311297874537136005e-02,-2.403027640213090677e-01,-3.209523389466856225e-01,3.428984563194261564e-02,-1.093417772841777033e-02,6.140492568016981539e-02,2.312020122572361891e-01,3.898588321850344207e-01,7.196311460705323224e-03,-1.964474365240931608e-01,-3.310776464748908104e-02,3.053301306533438009e-01,3.734161649985732745e-01,2.958095366764824652e-01,-3.120100720392098848e-01,4.994216765104985689e-01,1.464213659437830772e-01,-4.200779108951710472e-01,2.255538721631742960e-01,4.966143086519981820e-01,-1.014446777010807044e-01,1.516832329068635576e-01,-1.942784129260936854e-01,-2.822889136296613533e-01,1.995021408427035681e-01,-4.933333802210224661e-01,3.211618385797704311e-01,1.418049791182396206e-02,-4.022156581993406865e-01,-3.673182290399180094e-01,1.452011505741695463e-01,3.736538239003422968e-01,-2.520586190395309734e-01,4.793340473230323084e-01,-3.983949037834491613e-01,3.918680624352605113e-01,-1.033043351428240553e-01,-4.184510510375602510e-01,-2.372586770651718691e-01,-6.063942186531996043e-02,2.923409818525450898e-01,3.613599511901121053e-01,-3.693428422822961354e-01,3.933397288452373033e-03,1.516496878514150548e-01,-1.621596609893281304e-01,3.719055236699919664e-01,-2.137201074372736542e-01,-4.888119287014489056e-01,-4.593367263247384868e-01,1.809970733411467303e-01,7.811338738657969127e-02,4.472134890103371396e-01,4.384521379389177964e-01,3.978056630215131007e-01,-4.716474915717922545e-01,2.507652032321506241e-01,1.927497027778811989e-01,1.604986032994769329e-01,1.958354867149865453e-01,4.029246441443853910e-01,1.442656878513970675e-01,-1.275388218463959500e-01,3.274833844678844835e-02,-3.100807790764877336e-01,8.712550469514346307e-02,-4.968325025860221289e-01,-3.489696751805940744e-01,-1.670347129920967955e-01,3.173128911711101119e-01,2.184994227626369245e-01,-1.717452402156627589e-01,1.192349974888140540e-01,-4.647283160453447581e-01,-3.231154220521604836e-01,4.737590594298635716e-01,-2.025343678568204964e-01,-1.052080170117102725e-01,3.624336706177001127e-02,-2.476863227436849890e-01,-2.193533084897902885e-02,-2.650303647379072536e-01,-4.537414424818664305e-01,-3.209596455076669796e-01,2.305023170009812272e-02,-4.225025410370885637e-01,-3.272425125986137134e-02,-1.860981729466548995e-01,-9.455955803389529124e-02,-3.946436455239972219e-01,3.948148862486786648e-01,1.482492722719364053e-02,3.258514104331441397e-01,4.756010658664558965e-01,-1.563616655175348868e-01,-2.091229316534733498e-02,2.185145714197458400e-01,-6.302499258091105727e-02,-2.028441779175617077e-01,2.345972940607593260e-01,3.883380063371694169e-01,4.394009886577057711e-01
1.267420468027244118e-01,-1.246577776284992917e-01,4.745605214796940752e-01,1.365121983569771991e-01,-4.344482324789876171e-01,-4.162021042386557790e-01,2.587566158884109235e-01,-4.395988088722799780e-01,-4.940458855741226563e-01,-7.514496874476751798e-02,1.967503983931035219e-02,-3.586677957669985595e-02,-1.138119558144096329e-02,8.141779838349373633e-02,1.834756516403253657e-01,-7.696191105730154636e-02,-1.366408657656635606e-01,4.884590580992894671e-01,-2.390834645537437408e-01,2.713894988335407987e-01,-6.930549164632884840e-02,-1.572102913426757509e-01,-4.337495815512149022e-01,3.692614714335537562e-01,2.019974927927004893e-01,4.234448050515741691e-01,-4.838821095616996359e-02,1.756904280269122320e-01,-3.745717130477981827e-01,-1.021186413131481563e-01,-3.043846201912250860e-01,-4.454405944251155214e-01,4.479613512549050491e-01,-3.005713465817517749e-01,-3.521867702444170245e-01,-3.008581482581161870e-01,-1.225100929014830559e-01,4.670862975925024752e-02,-4.142432562776888205e-01,4.784488432018973447e-01,4.871801351418984516e-01,-3.501856295432582145e-01,-9.673361804718882961e-02,1.783467090651890963e-01,3.792605215319131418e-01,-4.594075088634539360e-03,4.170466727598151069e-01,-1.717794257588166618e-01,-3.391032036610477115e-04,-1.352813763196466547e-03,1.717711172758518146e-01,-2.915362246798391399e-01,1.130538503116507720e-01,-2.804988778571529950e-01,-1.597796848832250816e-01,4.524526366616685724e-01,4.024445385421835941e-01,3.166207972942939874e-01,-4.694916721225185219e-01,-3.516331175380709717e-01,-2.437227481935625995e-01,2.838535729406991281e-01,3.268809965908293091e-01,8.294818024437923543e-02,2.181329688553265145e-01,3.133474818084311941e-01,-4.386506682745087704e-01,-4.153568845253106656e-01,3.799453063658982388e-01,-4.614850278100496861e-01,-3.001471679151608840e-01,-4.717531178175337625e-01,-4.847148643201071305e-01,3.465451208581032949e-01,-1.652549153905764345e-01,-3.396059018478187475e-01,-3.540165869737704751e-01,1.560836617703369456e-01,4.567948414275913027e-01,8.267812734905477870e-03,4.010904768840048984e-01,2.184147654937098823e-02,7.486237864070154069e-02,1.893242821498420936e-01,3.064704016338392067e-01,2.578536106529600302e-01,4.905682701080547048e-01,2.403836082100637428e-01,3.936191886176733101e-01,-2.938954886125080268e-01,3.541633600170888269e-02,9.861458536298592370e-02,3.107722398847080347e-01,-1.724262572721429673e-02,2.854661238434774151e-01,-1.113894218904748212e-01,9.095758599158981772e-02,3.447955051279125716e-01,2.980594711041587019e-01,1.569849543292227978e-01,-4.899461179931811627e-01,-3.175294470068299457e-01,6.869441394477458079e-03,-2.571635427860805567e-01,-4.511965548354372468e-01,3.615138019627491817e-01,4.378074731807302666e-01,-1.975630287851025124e-01,-7.275947128022840216e-02,3.102518757739695099e-01,-4.377411299496704045e-01,1.409962684708003511e-01,-3.752396552099110938e-01,-2.197757635448003288e-01,3.299406866284060325e-01,-4.473456149656740988e-01,-4.640531648326845504e-01,-8.213395460971661954e-02,4.263082038249791641e-04,3.633251831082008332e-01,2.088184322122149938e-01,1.722965543678052769e-01,-3.479938336689630263e-01,4.935042182307881053e-01,-9.068181603400357615e-02,1.155112093782781624e-01,-1.133169944667640483e-01,-4.601305876833449715e-01,-4.916377124537397308e-02,-3.486322461051637456e-01,-4.755198486223906618e-01,1.154820507064504981e-01,1.424049159678194287e-01,-3.947071753436350861e-01,5.593176839193337441e-02,-1.188556544363374295e-01,-1.232466324640367761e-01,2.774050189052719162e-01,1.742462431883981229e-03,3.727345659962107982e-01,1.394380316903074124e-01,-4.252978256597600426e-02,1.339443573517151431e-01,-1.621423690399307338e-01,-3.756745507740930634e-01,2.196088635469079231e-01,1.275834708353613123e-01,2.861781899759168191e-01,-3.767099256993215461e-01,4.083622990353153459e-01,3.096906395720100957e-01
4.168874080860833220e-01,3.725694203178200326e-01,1.798921079144027713e-01,3.084707987586039479e-01,1.871963573530975936e-02,2.848309323410644356e-01,-3.037395385706214701e-01,2.815347468135316888e-01,-6.226955498634910435e-02,3.127323337484130272e-01,-4.154646787369306593e-02,3.195172031876358787e-01,-4.246604147900300275e-01,-4.568478498712954528e-01,4.331205460993299838e-01,-1.383485351711355102e-02,3.979842971555493936e-01,4.447832518820701297e-01,1.665111524556335265e-01,5.508476535849476940e-02,-2.869899960756749913e-01,-4.298410604774494659e-01,3.217539132303671168e-01,3.938247454131267866e-01,2.793804176386579519e-01,2.087341632853601248e-01,-7.988888812504855996e-02,-1.959441681448207129e-01,-3.737262987298313743e-01,-7.410111704869350169e-02,5.717193991492600796e-02,4.276216662288324644e-01,4.392410081287518864e-01,-9.804739643404197791e-02,-4.063876771256436649e-01,2.749905406553849740e-01,2.339572937981529710e-01,-4.689817866029037940e-01,-4.283168581531732189e-02,1.761767187181325911e-01,-4.668469976326984905e-01,4.206944144233298877e-01,4.596450388018422095e-01,2.178530712153198823e-01,-4.216773912702155847e-01,-4.296705341234731135e-01,-1.407466851787630979e-01,-4.748782563065364615e-01,-1.511495175691127679e-01,-4.885009428123212039e-01,4.765662376592053051e-01,3.254827321745946134e-01,-4.274734838228745892e-01,3.941407138252038811e-01,-2.920219599302416591e-01,-3.044856635743081186e-01,1.771311432568696553e-01,4.452620986255365065e-01,-3.805734352945831511e-01,-4.928154327477302643e-01,-1.315093749687143154e-01,-4.756587444803910270e-01,9.406092023199795482e-02,3.591642425261112326e-01,-3.130069807812965177e-01,-3.819534264311019722e-01,-1.602733077972457731e-01,4.591710373093473296e-01,-3.586810039352107404e-01,4.656188120499994421e-01,-1.672063896336739852e-01,-1.424855681452648522e-02,-2.031815793074202847e-01,4.450740976827257667e-01,4.615821741715783744e-01,1.356451659523140174e-01,-3.126966970989135675e-01,4.929517886102871005e-01,-4.210029084786268694e-01,8.074168205885644267e-02,-3.435969399169912508e-01,4.140014992730933208e-01,4.492554507505733818e-01,3.165728799544076377e-01,-1.889606919762376325e-01,-2.571573314780418174e-01,2.548941206215302735e-01,-2.133885846129619512e-01,-9.137119259803072602e-02,-4.537445440570749278e-01,-3.677661212332948848e-01,-4.822136417920777629e-01,-4.340251602402624420e-01,-4.251517000418568171e-01,-8.451271001900190205e-02,5.081795823457521677e-02,2.549721759608742366e-01,-3.600277105322587934e-01,-7.781125383057248268e-02,1.369663711261745465e-01,-4.060249289366741898e-01,-5.475142447732750384e-02,-1.307305093439549981e-01,4.400379975491311435e-01,-4.591641299038561885e-01,-8.974339897556643519e-02,-8.784779245445867302e-02,2.277951366944360456e-01,-1.648141360182411863e-01,-2.957955322586755531e-01,-2.025638847928685204e-01,-2.910105171638354207e-02,4.411975678840335813e-01,2.911094871830890995e-01,-2.230297542202567262e-01,5.548021294837946621e-02,1.882128719144217643e-01,2.952140549076641696e-01,-4.890332888766629055e-02,-1.012230948791959101e-01,2.624322245148990596e-01,-6.953075406195623198e-02,-2.515363207721201810e-01,-4.062468458195991200e-02,4.358493544780790430e-01,-3.551455592369605618e-01,-3.756464547278920429e-02,1.278317873630153700e-01,-2.080080287448907855e-02,-2.963600956296300604e-01,-5.071765309435342095e-01,1.970785514959559614e-01,1.237673504078772996e-01,-4.922233505641357976e-01,-1.946185836534320701e-01,2.896819390710468900e-01,1.233253232054369875e-01,4.118239837550587146e-02,-3.312445508117480841e-01,2.000411270637110772e-01,9.229956884424430491e-03,1.695625270680806707e-01,2.599542217271370026e-01,-2.676426166682924768e-01,2.619967010469601565e-01,-1.854285485556974311e-01,4.875223535361036808e-01,-3.822616122085719104e-01,3.787360832265709853e-01,-4.611328988863200307e-01,-2.333637604228139262e-01
2.610190875771040489e-02,8.165088198845452117e-02,-1.048793534145616990e-01,-3.995574901897989695e-01,-2.476807139423831683e-01,-2.171933455726221818e-01,2.626810764666951403e-01,4.070579465787114715e-01,9.340053645347710931e-02,-4.582060447454210372e-01,2.709451781652374991e-01,-1.738329452821725796e-01,-1.601095935923461389e-01,3.294115550890064359e-02,-2.382395759111448075e-01,4.199781032926460655e-01,-3.355250379093125401e-01,-8.516959949626723425e-02,-2.103080504927942185e-01,3.890330778957222947e-03,6.693427151109790363e-02,1.082726865674881883e-01,3.368086166411275034e-02,-6.978454962585435573e-02,1.345787231620931834e-01,-9.977388345976491435e-02,2.785502550666298927e-01,2.869206063561979825e-01,-2.016325805271453331e-01,-1.282774709067818764e-01,1.205420317761606575e-01,-3.393607810658080814e-01,2.005181697847238376e-01,-1.242010792587761453e-01,8.546380948711916614e-02,-3.592950925848366062e-01,1.680655985684180176e-01,-1.456247404565826353e-01,-1.688470874191956919e-02,-9.513336435212800535e-02,-2.075773217131340539e-02,1.961088364099594361e-01,-1.833440345740299793e-01,1.504717068537352043e-01,-4.399938234221500433e-01,-1.998148475376138322e-01,2.452096901500457893e-01,-4.490544600763458072e-01,1.220655003969949581e-01,-4.729183589440972280e-01,-2.539728969689896212e-02,3.950175102348180145e-01,-4.887907433209834895e-01,2.762361450092278709e-02,-4.335431702753942962e-01,3.629718505242996995e-01,1.910320557256821872e-01,2.527762711881225699e-01,1.663757974343890444e-01,-4.935765463018550459e-01,-4.594472346504899773e-01,1.205583125529180316e-01,4.896379696650859370e-01,3.731358730017554914e-01,1.996871234944008477e-01,2.322996640855069794e-01,-2.759048379729842626e-01,2.516134508376369761e-01,-1.873000037689201980e-01,-3.954401813942581834e-01,-7.588971302255867468e-02,-1.860651777528765927e-01,-3.275581665270883569e-01,-7.480101298859287429e-02,4.002259799812254992e-01,-6.500026218073771955e-02,-5.223763033424370233e-02,2.088277574442379825e-01,1.465356078777805410e-02,-3.714745118825004133e-01,4.103923975439699445e-01,-5.768328460682412701e-02,2.924954074090631018e-01,-1.033850860285607659e-01,3.016208062037352144e-01,-1.104605100420374408e-01,-2.798047709314617215e-01,-3.059147359965901369e-01,4.310175224198558586e-01,8.653005898952646768e-02,-4.502067041637292655e-01,-1.144158324692557127e-01,-2.675389878536061361e-01,-4.139708367706445014e-01,-3.168852196139800848e-01,-4.429687394034054204e-01,1.582173747969270183e-01,-3.230201573452832764e-01,1.107798762435284051e-01,1.125070788343597583e-01,2.145314844429613566e-01,1.254747088877979262e-02,-2.155645785774758516e-01,3.690396561209212112e-01,-1.612187900238342408e-01,-4.007529517997541341e-02,1.266633150027181853e-01,1.575429973719989774e-02,4.747651033544387777e-01,4.549261181534040022e-01,4.338843386676006775e-01,4.340872467160413750e-01,7.589457644145107540e-02,-1.461873362632864354e-02,2.041168173823688647e-01,-2.870383375965063211e-01,-2.341221100027646718e-01,-4.566358474482702934e-01,-3.331343285208324123e-01,-4.961254500700898462e-01,1.487680474226827365e-01,-3.607844136187471906e-01,2.806245714625447141e-01,1.862151657425228368e-01,4.685611334692055263e-01,-1.021417481465172333e-01,4.213919134510528686e-01,-5.485114041164165788e-02,-1.780682634307375889e-01,-3.976611300829462348e-01,3.788177061669348866e-01,2.930233624130181846e-01,-1.719062917021752235e-01,-4.425561507437103526e-02,-1.681591958429681510e-01,-4.468119847549628099e-01,-4.595206865175207045e-01,-1.357421854394873506e-01,-2.784487883936983543e-01,1.618711848176123541e-02,-2.833793042435623355e-01,-3.059299982473208668e-01,1.725006859149754157e-01,2.355978352434244805e-01,-1.877662475678076315e-01,3.693682536051797749e-01,-2.431162943774690388e-01,-1.584277873277449289e-01,2.067265087912041333e-01,-4.578976452236409589e-01,4.429840220087721270e-01
-4.276622682146364873e-01,-3.899710205474989089e-02,2.234904875174350269e-01,-4.545802788625289415e-01,3.087213071886452109e-01,4.783030156974384939e-01,-3.238723586828377854e-02,-3.847735837036025952e-01,-4.204480154227033806e-01,-3.728286652012313129e-01,2.421207743345236141e-01,-8.942647209783383122e-02,4.192341581907174097e-01,-4.908577373599786603e-02,-4.197678230060510329e-01,-7.306439704672340607e-02,2.765310711557346091e-01,3.293384268467949294e-01,-4.606483134708081462e-01,-3.288631695552737266e-01,5.699665343759754629e-03,-3.580677126167053359e-01,3.744201404298656000e-01,4.300295137089761299e-01,-1.804177938968241912e-01,-2.256696207046873792e-02,5.705406112973988170e-02,-2.157548018175070026e-01,4.941870871002825710e-02,-2.988992923627137865e-01,-2.115432546279968073e-01,-5.251878013127534578e-02,1.081561409889463116e-01,3.108128372784346033e-02,-2.447897902793319258e-01,-2.670403163980031858e-01,-3.814670845832302537e-01,2.849425980872412056e-01,-3.906495184827702416e-01,1.874617847352156863e-01,-2.487818684302250949e-01,-2.049696654608667568e-01,2.325589783082629702e-01,1.580380176768232114e-01,2.417056245961653749e-01,1.528305879509708233e-02,3.590958196652707102e-01,-3.768975148387567198e-01,1.461202665224878572e-01,-3.802208457232797989e-01,2.403572101385950399e-01,-1.346228720145611069e-01,1.805927035678432380e-01,2.051329888982583449e-01,1.606084577068012664e-01,-2.863521893405246987e-01,3.380088638997295059e-01,-2.561549363486477771e-01,2.509317671029070648e-02,1.746457541533411040e-01,-2.669834531402748845e-01,1.269957733193132765e-01,-2.272341890513007168e-01,-3.286289900056507673e-01,3.097501453115941161e-01,5.838827824048156701e-02,-1.747836264870905876e-01,8.543046390736856732e-02,-4.735523685294100726e-01,-3.730011389768126406e-01,-1.607772549978500609e-01,4.886326215756280344e-01,1.466094806498581191e-02,-4.320175917118934117e-01,2.600391419761738376e-01,2.800724532092231933e-01,2.743202658174712094e-01,6.949803804795381956e-02,1.730946033051009580e-01,-2.903741276822849326e-01,2.325605908939882838e-01,3.178653191612079709e-01,2.621244398310224599e-01,-1.453732841778106466e-01,9.333878621513370943e-02,1.289923447782787280e-01,4.008455610595763607e-01,-3.940144780352606291e-01,3.204310661734710575e-01,2.643536600028701181e-02,-1.413858466231720512e-01,-4.716052715435845727e-02,-4.996711173195231281e-01,-2.786236727719518247e-01,1.492360377990561426e-01,1.608901122594282307e-01,3.569665924936411133e-02,4.714985880733819634e-01,-1.908491145052430144e-02,-1.860560095112902546e-01,3.675823218020250471e-01,-2.404523837943206566e-01,1.043174241236520944e-01,1.996365418656063651e-01,3.080175968776609485e-01,2.869991300240364307e-01,-1.238233906647275701e-01,-4.411912945381503137e-01,-4.495902821114850512e-01,2.266597236096510593e-01,4.658158694650251785e-01,-1.568261028834639637e-01,-6.387046105098757864e-02,2.205375861268551174e-01,1.578312458538798646e-01,-2.460100217997341077e-01,1.715906965804095408e-01,-1.955406815069789528e-01,-1.295436502284868785e-01,3.951330525419264467e-02,2.194992414607442321e-01,-3.497145785899807846e-01,-4.801584074697834992e-01,1.339756605500804221e-01,-4.805751102349761772e-01,-4.530374310034133711e-01,-2.742244232778727198e-01,1.459652939175038466e-01,-4.632723518553605868e-01,-4.375942323734722805e-01,4.680787654687214583e-01,-7.870598037637696609e-02,3.977691386431491671e-01,-2.834757160472359816e-01,-5.836454604091496218e-02,-1.027061911092673474e-01,-3.267694158158657713e-01,-1.795847536878531492e-01,4.955559914140983957e-01,2.459298297015071744e-01,-4.865532179841259436e-02,-9.762644549165300223e-02,-2.363955371954614970e-01,3.133202927761515738e-02,2.356385999600863201e-01,1.995117830883613164e-01,-3.719019691625977814e-02,-4.592606763789670032e-01,4.212152441307111528e-01,-9.538804295834252267e-02,-8.855928498748653899e-02
-4.968898855266912773e-01,-3.617776643805649117e-01,3.677390790580252755e-01,1.436882646401175037e-02,2.321538357011727616e-01,-3.524224437517694541e-01,-1.653234476644458995e-01,3.392568191400647248e-01,3.191553614780964776e-01,-2.232340118071494961e-01,-4.912249894938774952e-01,3.259666530898213122e-01,-3.311559949688920312e-01,2.908141727333086735e-01,1.682480127009240156e-01,-3.316852242538294027e-01,-4.327180942193037949e-01,4.276494299222889373e-01,9.787839728339353673e-02,1.071829421441273106e-01,-2.683412276731316631e-02,-3.490516912764748958e-01,1.046857543179385425e-01,-2.577594879206681622e-01,3.058769094009861078e-01,2.415967757470202371e-01,-4.727328189274537240e-01,4.311653299382063875e-01,-4.575181655099891942e-01,-4.104481381866126877e-01,-2.154479673027135944e-01,-3.426938666561097913e-01,-2.603686782855987314e-01,-1.490835350333258869e-01,2.297219511871839426e-01,-9.411683105121362858e-02,-2.303560608864963222e-01,-7.369101292021726542e-03,-9.695703516038969849e-02,-1.994724468618523927e-01,4.029880331336173627e-01,5.196691635576342061e-02,4.743385434751953289e-01,2.713296353486240320e-01,7.028336669801349412e-02,-2.375534107229596847e-01,1.868436562888386998e-01,-4.039793765238689632e-02,2.223110201537986941e-01,-9.468634930087388435e-02,-9.211216888939563171e-04,-4.728437660272569731e-01,2.456321687458647984e-01,-4.649437125976205731e-01,1.807253859133825524e-01,6.858084750895200588e-02,2.794847652490867751e-01,-2.077632456523593185e-01,1.835671467686431357e-01,-2.929020243689625658e-01,2.863608507062312056e-02,-1.600329046703764801e-01,4.686472809140465046e-01,4.718551912892810507e-01,-2.910289252220753520e-01,7.123637292094732454e-02,-1.734479553927171791e-01,4.685377037221059027e-01,4.355229580084045704e-01,8.524540500326897863e-02,1.865582969920503431e-01,1.761551307461088900e-01,-1.424579333356545130e-01,4.185259369137092622e-01,3.827768026354073094e-01,-1.696048014725481390e-01,2.463638526651872329e-01,-4.909078733255514138e-01,2.855439909452183733e-01,6.379046489090557659e-02,4.523067127509502461e-01,-1.304284598406301177e-01,1.287820465118035829e-01,-1.730001635048717679e-01,2.806702041915302703e-01,1.007059894097086100e-01,4.875067303811817521e-01,-5.010733864926779635e-01,-3.727848736684738484e-01,-4.563988103779421657e-01,-3.741521209861132236e-01,4.266218684177013887e-01,4.474864171496661935e-01,-1.859637889421876522e-02,4.431620123258496746e-01,3.184281315390166678e-01,2.708602291875966128e-01,2.366188009977215900e-01,-3.123454148304005140e-01,4.887758927459880109e-02,-6.986147427400390963e-02,4.501981726485164703e-01,-3.261550308452900726e-01,-3.387262844634380543e-01,1.451559583721840074e-01,-3.409678305803391374e-01,-4.003975033842260833e-01,3.577585068138108750e-03,3.143512492061545927e-01,1.052152721167268490e-01,2.588784609062138031e-01,-2.342365067079949792e-01,-2.201027260972103217e-01,-7.679129991016925283e-02,4.908478842657130192e-01,2.165743467204714889e-01,4.462598080696038583e-01,3.742735465504574283e-02,5.573968238572697687e-02,4.900903354664835621e-01,-3.166948559936104135e-01,2.820505704040994766e-01,2.918611201827193136e-01,3.530615846383952650e-01,2.477613969823431739e-01,-3.442050219056181359e-01,1.611276321216747187e-01,4.139337102631225340e-01,5.518173731759502126e-02,-1.390584896197127884e-01,4.455056697029634027e-01,6.063530642995021425e-02,-8.208062311505089081e-02,1.141334980612769279e-01,3.093068314779450767e-01,-2.415311983020574371e-01,-4.882002545275849759e-01,2.470058094084074535e-02,4.446000238975097441e-01,1.682558896703749418e-01,1.553980582652615683e-01,1.167456935413317548e-01,-3.146726088644438007e-03,2.309146204138446679e-01,-2.508038721481350430e-01,3.916660471930936693e-01,-2.227645111666789468e-01,4.401854485462081135e-01,4.263940456765293874e-01,-4.239351609458388292e-01,-3.510802427843723317e-02
2.440362849275450330e-01,-5.033345498825902986e-02,7.784686393761567486e-03,3.087575780072187581e-01,2.047204665852642713e-01,4.567738686822467309e-01,-3.250785420215143717e-01,4.228926569863427076e-01,4.262440435654657467e-01,1.734531849513641921e-01,4.510338153410078377e-01,-2.410164551907885977e-01,3.817872833956126866e-01,2.715923405906581212e-01,1.115665306762655129e-01,-4.093707399166610639e-01,-4.769811327073903429e-01,-4.890305045058814803e-01,-2.494419425518236144e-01,2.534893801413825587e-01,-1.136875653081811377e-01,2.430548542590047767e-01,1.279104036076819106e-01,-9.908436460954056502e-02,3.801315913875464303e-01,-4.669343049427887582e-01,-3.468701358359669445e-02,3.285951492609513469e-01,-3.655774600878761160e-01,2.100973684008285713e-01,-1.800667110532438719e-01,-4.691883259503663028e-01,-2.278883031288592501e-02,8.772622887211549772e-03,-4.643706133296745531e-01,6.814174838339448481e-02,-1.530563761454149518e-01,-4.951885127224276428e-01,-2.987769042725853530e-01,-4.006004758942516841e-01,4.306646821347814152e-02,-4.552557367575251757e-01,4.256421900955565385e-01,3.434791983535583904e-01,4.450817128096966613e-01,-1.851989672133902698e-01,4.052673885618942595e-01,4.891971751029435267e-01,2.656547569818231702e-01,-2.233825446363519596e-01,1.713918913728634530e-01,1.050972524579012607e-01,-9.322431080585626140e-02,-1.931104577623920793e-01,-4.401518093075861282e-01,-3.861213581390332550e-01,-3.627943734346967819e-01,-2.407812347685239079e-02,1.392507454293880897e-01,2.640684524444800174e-01,-4.539245605901868208e-01,3.234471362722402543e-01,-4.663913454197388120e-01,5.493546396798435622e-02,2.441492122260718323e-01,1.369646478966403402e-01,4.465999973874041351e-01,-1.553021493343400838e-01,9.597988188607099735e-02,-4.181013850730520010e-01,3.223254048594282467e-02,2.777657243974834267e-01,-2.942090520096609096e-01,-2.368707060788025065e-01,1.815059495644046339e-01,-2.463892974192417595e-01,-2.419106777565290523e-01,4.355152879393014986e-01,5.091091186574215888e-01,-3.457175514326720211e-01,4.001623872580003516e-01,5.541656070846627535e-02,-4.588081036015447811e-01,9.346327922264210941e-02,1.290264804228217765e-01,-4.662013193477183570e-01,2.577276295610928525e-01,3.144811742618890960e-01,-4.434303959890883995e-01,1.483997475974273006e-01,-4.345248889616537546e-02,-2.640421413079264701e-01,-5.383470246396814679e-02,-3.396192038390841161e-01,-1.698614755366838480e-01,1.552481062226175323e-01,-3.375326872003478473e-02,6.216570660962741912e-02,4.344279380453421741e-02,3.205945738260861377e-01,-1.463024485721843015e-01,3.133957753169918647e-01,-4.200014817817357415e-01,-8.059016763612286693e-02,-1.612162251759625686e-01,-4.666821258756093105e-02,3.289226416739082781e-01,8.004637055373232252e-03,5.045752187368941488e-01,3.615689592291579380e-01,-3.770287666288035799e-01,-1.831034642396015266e-01,-4.823398783167710535e-01,2.281736882061916327e-01,-4.807991956331622019e-01,3.833097712572933746e-01,-3.066512843760322848e-01,-8.660681080089351058e-02,-4.369685424617319458e-01,-1.887451127501463544e-01,-1.171432420995754814e-01,-4.483088924145881560e-01,2.704768365443508404e-01,2.209446991790789960e-01,-1.441960534281944151e-01,3.366840595135098257e-01,-4.225781976563700026e-01,-4.568630091676793015e-01,-1.595342033197844900e-01,4.018413321683949047e-01,2.524532230085528295e-01,1.713041491408494599e-01,9.093333966206548769e-02,3.037655387344799784e-01,-8.482448089699995419e-02,-4.372280820406999058e-01,2.990565251687619108e-01,-3.139528769504524308e-01,-1.119322359489162699e-01,-1.531096899488097185e-01,-3.451628748156548854e-01,-1.591090928334655263e-01,-3.201276406773579386e-01,1.160091807636798311e-01,1.534390149891086685e-01,-4.870702858257734968e-01,-4.046404737170317817e-02,4.821534005484712226e-02,3.680292266283530789e-01,-5.708044162844731415e-03,-4.103816779903563527e-01
-4.482761209104011990e-01,3.614751804344289998e-01,2.896150708922586858e-01,3.589456863249286811e-01,-2.380194668734598729e-01,1.475888914306336119e-01,-3.890012166803220039e-01,3.255277831271403133e-01,-1.683823834779425155e-01,4.946141385359570375e-01,-1.602590481335693443e-02,-4.721538823225306380e-01,4.090558775928288537e-01,1.220557018191599508e-01,-2.034969198795804068e-01,-4.631960908143651912e-01,-1.321507065803287639e-01,-3.431394402353912243e-01,4.828031134588128825e-02,-3.617059108283630087e-01,-3.254874900002205362e-01,4.019038258111238826e-01,1.424644243871733829e-01,-2.463010318390293774e-01,3.788814895271964134e-01,1.416044091327272325e-01,4.455993374646871064e-01,-1.828512449945078611e-02,3.924876466496720617e-01,1.780017006788306155e-01,-4.640139676344217645e-01,-2.541791101202605652e-01,-2.149373562687987016e-01,-3.473043653847254775e-01,-2.679490131149107612e-01,-2.715758279893550897e-01,3.777953813217477808e-01,-3.678289496864139280e-02,3.869615463745084694e-01,-3.735893455138852848e-01,6.736305175327671202e-02,-4.848028342236361810e-01,4.281198559879998977e-01,-4.959456596470792067e-01,-1.103082823697627418e-01,3.015859586893413491e-01,4.998815592294842958e-01,-4.825285752544373752e-01,3.250088726789960858e-01,1.162280128397228697e-02,-4.619582059266224561e-01,2.870090045797968337e-01,-3.848606356207261991e-01,1.122495632286439199e-01,2.783252162568591870e-01,1.662970488791976342e-01,-1.166312452550691547e-01,-4.781134555931746410e-01,-6.787973106057107464e-02,4.136944836857247565e-01,-1.676764861127301998e-01,-2.523544110615356661e-01,-3.719764366196705030e-01,1.024108891101930402e-02,3.334979501567662818e-02,-4.207433940024044028e-01,-9.448825702232153956e-02,1.586809494932656939e-01,4.798003066474279543e-01,-6.935932726226878842e-02,-1.003603474530274930e-01,-6.318723441201849755e-02,-2.707800748334512897e-01,-1.029672626732243690e-01,1.284388124163746980e-01,-1.032127242433519554e-01,8.081240257136627914e-02,3.355822879997544250e-01,4.871635173267591101e-01,3.841523422441422975e-01,-1.282033730868991084e-01,-4.741347433141253065e-01,1.142810456102047734e-01,-1.302298227915319948e-02,-2.543647845569517729e-01,-4.596929082682436607e-01,-1.783940536248062037e-01,2.908691686978365776e-01,4.543168678994405352e-01,-3.933400533962778667e-01,3.776394419825507276e-01,-4.540457574303538579e-01,1.934888378656698660e-01,-4.722132002281038132e-01,-8.247769998707715766e-02,3.702716709275808982e-01,-1.261011487684997601e-01,4.327647173312061391e-01,2.131951411119595852e-01,1.041846089695645655e-01,-3.335610100769649256e-01,-1.589911068567755048e-01,-8.889240463304802498e-02,8.207086882476523348e-02,4.836531624745847302e-01,-2.140862202431824957e-01,-1.543267863017213325e-03,4.342299045753754139e-01,-1.387075367966117689e-01,1.287093702690244312e-01,2.702560267523647086e-01,1.302747306808239025e-01,2.483653275793540616e-01,-3.095882751286058165e-01,4.573376868488813196e-01,-3.261543782850844231e-01,8.368702682330367293e-02,-2.044004920147462490e-01,1.359999335899509110e-01,-2.088895846140371437e-01,-7.607600196188915587e-02,1.816826821108553647e-01,-2.304124620099048670e-01,2.308773228259375088e-01,-1.580668276496247637e-01,-3.636264790355013266e-01,1.131287169230238421e-01,-3.392573341673008058e-01,-8.470948279622009247e-02,-1.016025881207039960e-01,-4.278456315095065521e-01,2.097550187054926518e-01,1.795724311035631349e-01,2.777950050341181365e-01,4.804319434497614227e-02,8.282182444754866701e-02,-3.339193565688256538e-01,-2.969304171422044170e-01,-2.698627321633948473e-01,2.082797847476059588e-02,3.589391993889363142e-01,-1.538429000283604575e-01,3.809051093323854720e-01,2.358736192189897218e-01,2.164479866522870111e-01,-1.658703340094645762e-01,-3.797602549480442735e-01,4.634634480732810480e-01,3.520321531649819313e-01,-9.479391909228045143e-02,3.748954975581714200e-01
3.992171150305225957e-01,-1.597898045712863868e-01,2.820668277070441593e-04,-1.760870432606887470e-01,1.948841861603283487e-01,4.120408829181460009e-01,5.036775837734472905e-01,2.401302306735921266e-01,-1.978356582138094399e-01,4.238486188192662207e-01,4.622276064702557363e-01,-2.221151041501122081e-01,4.487123524412129361e-01,3.110361262259562880e-03,4.915916099615278423e-01,4.958560055344277684e-01,3.109970111925861591e-01,1.834370491893509980e-01,-3.459855307068958608e-01,-5.073677722663160194e-01,1.058527444024047193e-01,2.029535515905388776e-01,4.378824350515410080e-01,1.482166226756408654e-02,1.968315653108791141e-01,1.752328316940755804e-01,-2.950798732170437089e-01,1.432500768956614379e-01,4.883428300630756613e-01,-3.889488732827613426e-01,1.803607957125055450e-01,1.435809905157094946e-01,-1.206590374105884350e-01,2.734426236637366170e-01,-4.954710054185909041e-01,3.963311184625626371e-01,3.163099599185049127e-01,-1.878350192698601331e-02,-3.814111300681015670e-01,-9.967258001366061104e-02,8.669758340074648628e-02,-2.444921508168838298e-01,-1.516918498349883841e-02,2.741459898090610747e-01,4.225158646803843787e-01,6.164502763496673698e-02,3.272417850395823447e-01,-4.288953774191610613e-01,3.572915892794965576e-01,4.223494014811003949e-01,-3.367992494445432028e-01,3.417056340137712422e-01,3.563334788942962295e-01,3.794012835513254078e-01,1.713952003729094994e-02,8.388372541333878607e-02,-2.857588900553100220e-01,2.175286435559114773e-01,-1.077169522599695783e-01,-4.788309142929465523e-01,-3.662834497604038342e-01,-1.134325679295986461e-01,3.788098992832492073e-01,6.492924331218588585e-02,4.162599168505636271e-01,4.426149910190523284e-01,-4.154812754791007423e-01,8.821488034820049173e-02,-1.565035613252913071e-01,3.473456318262927930e-03,-6.948910331715188460e-02,-3.533195325594788716e-02,-3.933875493532607570e-01,3.287908847379035215e-01,-1.314952781511499399e-02,1.447164005295241973e-01,-3.865192533367441813e-02,-3.189816234277886853e-01,5.697932409293924444e-02,-3.440667849332327277e-01,3.521792561475833860e-01,3.132674944720343913e-01,-3.526235664848799689e-01,-4.282065366197561063e-01,-3.640928063052900621e-01,-1.067564929532222179e-01,4.530771447451242828e-01,4.407375857572412570e-02,-2.587576454146857663e-01,-2.703513653445768217e-01,-3.891267408546192352e-01,-3.621016364365191587e-01,2.934206035909877053e-01,-3.603754487671149143e-01,3.601107268777866688e-01,3.231923541164557490e-01,-3.927903879222139349e-01,7.060473213058550412e-02,-4.929447320620419792e-01,3.620364403363683925e-01,6.471277500737961097e-02,2.560254984165956649e-01,-9.643241991705586019e-03,1.886394084848606323e-01,4.195647137111908065e-01,6.280656986421513654e-02,3.686556822051584303e-01,-1.508352454708097312e-01,-4.066199360496656201e-01,-4.946408669122196455e-01,-2.692252485085448455e-01,3.385918988736010826e-01,-1.957911274215130837e-01,-2.962918149163954462e-01,-4.369576611629621965e-03,4.428477339761142106e-01,8.984299042406475311e-03,-1.596370831411687286e-01,-4.189139714838174822e-01,7.366693333609695971e-02,-2.803128887274815573e-01,-1.330407383940036825e-01,-1.181484683366730432e-01,2.611857775876090804e-01,-2.770240496140016773e-01,4.615681474017396813e-01,2.423880679625539381e-01,-2.306711942040362562e-02,3.660327111373181119e-01,-1.408320197247073802e-01,-1.203829592389545067e-01,-3.716149690886695889e-01,2.744826198681769025e-01,-9.880734715566807935e-02,7.277460714224917408e-03,1.627057896155010078e-02,1.536828265592511678e-01,-1.304552746421760168e-01,4.156406943688716882e-01,-7.315531178243718513e-02,-8.054915315463544168e-02,-1.092665876835098582e-01,2.650624670328253774e-01,4.930519406629785273e-01,3.665154893033331085e-01,-2.556857648223691271e-02,-1.945879619002946481e-01,-5.140903408170458683e-02,-1.533184963938133416e-01,-2.625915006632220106e-01,-2.969568381518513656e-01
4.558757345236510439e-01,-6.680803507793408366e-04,-3.900251263297698223e-01,-1.160350664601358800e-01,-1.112830827771242870e-01,1.321451273118462270e-02,4.800413246136938650e-01,4.766334612686969896e-01,6.589411071314821289e-02,1.180915184270518586e-01,1.760917560924576131e-01,1.024266822070933787e-02,-1.332194184767906443e-02,-1.854760608232158825e-01,1.839217394712661102e-01,-4.081047216671253031e-01,-1.828547537753850705e-01,3.909785594776132855e-01,-2.726218490245475579e-01,4.675823780249893646e-01,4.841697219657126183e-01,8.401601029222736938e-02,-4.595640196911779940e-01,-4.065218026678066865e-01,-2.996983623100075711e-01,-1.731884317206473511e-01,-3.868917883871255681e-01,2.972107730705183526e-01,-1.358454299847593472e-01,-2.662663016253277171e-01,-4.563061296336917705e-01,-1.173281406270194616e-01,-4.954932694907776547e-01,-3.835085494704126852e-01,1.046455100616725531e-01,4.349454113281105982e-01,-3.006340780737670748e-01,2.410612066543879051e-01,-3.022944789546275768e-01,-4.985048061596354940e-01,3.965378878598810330e-01,3.461087377012068700e-01,-4.332212840249255459e-01,-3.228647118361305246e-01,-2.656990719813875357e-01,4.283213646369055105e-01,-1.180709043541185999e-01,3.073817566064732665e-01,-6.418646715504228162e-02,-1.187553333039151893e-01,2.653480547755614483e-01,1.157609965983048134e-01,-2.306823057789150200e-01,8.281056800718290811e-02,2.038528499563493357e-01,3.270780916312745479e-01,1.771790791594404224e-01,1.251544838807060189e-01,9.590234247618034669e-02,-4.079490508756170586e-01,4.451890595499945480e-01,2.148419104776332356e-01,-2.316980491354848903e-01,1.923506941042633089e-01,1.208174360700805527e-01,1.588510888991348513e-01,-1.210910289951504515e-01,7.317585480117239083e-02,1.600272309917035451e-01,-2.983439309807706108e-01,7.818506023237151159e-03,-3.796856962314655859e-01,-3.944695018744034387e-01,4.110594267919601696e-01,-3.754527754411334239e-01,3.932669717646426477e-01,-3.020080045852024941e-02,-4.509738424588216610e-02,-1.601846804553139769e-01,-8.378228250406487276e-02,-1.227676192034043989e-01,8.322019464877331019e-02,-1.644066809111143224e-01,3.219758634513040230e-01,-2.664382498428099488e-01,-2.515251541697269833e-01,-1.944845337256750906e-02,4.350812838247558600e-01,-4.760843258574709580e-01,2.234136155845775074e-01,-4.939934123123898013e-01,-9.513978690970636976e-02,2.642072496954975258e-01,-5.392087829125302711e-02,-7.051107107823921527e-02,-2.467831710187197158e-01,-2.490436180686661505e-02,-2.717405003241533112e-01,-2.164787101747309706e-01,1.532935610874398558e-01,9.944705614350990430e-02,4.295455153942724369e-01,4.688690813748525033e-01,2.238019320740855869e-02,-4.124924875093782251e-01,-2.000969057323825906e-01,1.781860307103897215e-02,1.731628933754260080e-01,4.461972494348674934e-01,-3.448925663321399382e-01,-4.633152981516692748e-01,3.700356827809361260e-01,3.051643681552047016e-01,2.657482765617636966e-01,-3.139923222140339476e-02,1.777807040079249778e-01,-8.853077518865759554e-02,-3.079483422077365917e-01,-1.091312825739692433e-01,2.870465960212608136e-01,3.018556220245565136e-01,4.611344660741371060e-01,3.876671251642707094e-01,1.820845367745056453e-01,2.091202279659190241e-02,2.239270234707854135e-01,-3.167964106857000806e-01,4.230845312981147410e-01,2.125765744694639858e-01,9.448555546026193852e-02,-6.595828270801618043e-02,1.335415891463660465e-01,1.176787279057825986e-01,3.988541265070673081e-01,7.073547529594381711e-02,-2.866220025249870407e-01,-5.862063890019830747e-02,-2.570314936890101820e-01,4.049501687583959564e-01,3.435258154501271144e-01,5.599761768424731112e-02,-3.022918308064067583e-01,-4.564579869638030196e-01,-3.658305462982526235e-01,-5.678071920457117283e-02,1.742040783909910573e-01,-2.760018955109178052e-01,1.845203497191060804e-01,3.619493011589501319e-01,2.572410815635460812e-01,-7.452091368698925133e-02
1.457279073666967462e-01,4.899612206116480961e-01,3.854116028772656133e-01,-1.586348282444922930e-01,1.854439439475152329e-01,-3.372256262053028864e-01,8.029449346476698335e-02,-1.421779243373818280e-01,-6.185368157313941850e-02,-4.953286861540606018e-02,1.470513970395038172e-01,4.099412374429212691e-01,-3.142815778163698948e-02,-3.620929946225533436e-01,2.309391223567620333e-01,2.516430106443925396e-01,4.285243289934677624e-01,-1.059439931011902924e-01,-3.612099060599405220e-02,5.395084926629162975e-02,3.960541589384182215e-01,2.218072146535477740e-01,-4.712058519214518681e-01,-3.188914736917092263e-01,3.538948477233729850e-01,1.183325730759518524e-01,3.739084615531199640e-01,-8.859980735641936889e-02,-2.895319090809563845e-01,-4.954480686730227679e-01,4.797485383866476605e-01,-3.636396157385283212e-01,1.429687656941175389e-01,-2.149225583955842109e-02,-1.198506091243413119e-01,3.720215012166849800e-02,-4.224323760823651130e-01,4.700342024083011827e-01,-7.263058779485964678e-03,-4.847104832243206429e-01,-8.065576081381364837e-02,2.572324571459839726e-01,-1.971739085292083526e-01,2.450224088373400555e-01,2.673627198439568753e-01,-2.608792810599148693e-01,4.679724862095583360e-01,-4.721112505503335388e-01,3.661768857208345662e-01,1.264912163847609072e-02,-3.386545643967755481e-01,-2.416070542481017214e-01,9.892520276972516236e-02,-2.190826905114996170e-01,3.384210763946543521e-01,-2.875710303169293214e-01,-1.159387025254770692e-01,-2.088491149569027955e-02,-1.512279111075995608e-01,3.241428031789602704e-01,-2.361177955896472946e-01,-4.110228267013313896e-01,-3.636433139029370265e-01,1.269454552544670989e-01,6.356265012185807750e-02,-4.182736126224537720e-01,4.930577374179124228e-01,-2.055936727896845451e-02,-1.660531048888325423e-01,2.291624014990329694e-01,-5.224505783427667582e-01,-1.001869438856029110e-01,1.644138270119711864e-01,4.620489309119442112e-01,2.542606972538714039e-01,3.851592319045345492e-01,-3.815702077824453253e-01,-7.022939437717090616e-02,-4.438328514301083660e-01,-2.145817967859570963e-01,-1.157031348688191130e-01,-1.298589092359787034e-01,-1.267533440521902699e-01,3.128947509729178011e-01,-3.033334183112195714e-01,3.245012220743145326e-01,4.192108705345976016e-02,-1.702921112071701937e-01,4.534931236383522163e-02,-3.385766676959643950e-01,-4.545236134349585518e-03,-4.780467030617913116e-01,3.570737182747750760e-01,-1.684189652080227972e-01,-1.559570506533209666e-01,4.951519973525604357e-01,1.270904625645120911e-01,-8.969591149817007780e-02,2.906567212777874110e-01,-4.323346970770554076e-01,7.049206935419018161e-02,2.136288001799601169e-02,3.612299198504301256e-01,5.905816917060675159e-02,-1.104334461915085566e-02,2.022585899112094854e-02,2.796400448053957266e-01,-1.499805055582986435e-01,4.528364526496815590e-02,2.073941680735936488e-01,4.955554543226288189e-01,1.936875872274311239e-01,4.615330159940218557e-01,-1.050646513424319806e-01,1.087809927641014696e-01,2.416593134484899541e-01,-1.515840503725291999e-01,-2.308250611963945653e-01,4.701872345676930687e-01,-1.514660270971073253e-01,4.944028267435924828e-01,3.518986163134089074e-01,-2.839587556504234445e-01,3.282192223797379960e-01,4.852699409215048831e-01,-2.231763687941684393e-01,1.644544137730120648e-01,2.695937246454512271e-01,-4.247045868301148053e-01,3.193318048721658364e-01,-1.916392678601461785e-01,2.057601263577668871e-01,4.477824833394300486e-01,-4.648909786003148081e-01,1.116518224871806686e-01,-1.521865275303828646e-01,-3.845028833245913713e-01,2.006758478843174431e-01,4.781298008697372204e-01,1.802446927984489855e-02,-1.091187535615907173e-01,-5.257066419683367048e-02,-8.538211507552029289e-02,3.190190964552774844e-02,-9.082416353592159819e-02,-4.124399483105145592e-01,4.769463842458178116e-01,4.967517355587943717e-01,-3.241371590639692823e-01,-2.589600337421583687e-01,-1.441856558868213727e-02
1.987329370212223834e-01,-4.686650225059600938e-01,3.354975507275829161e-01,1.375104369293150830e-01,-2.309836040189632567e-01,3.705561273987950099e-01,1.785542675622180109e-01,-1.822419156554382358e-01,4.845067252599354751e-02,5.180198846680372782e-01,-4.237413264839419158e-01,1.514638883637888511e-01,3.494136101555342933e-01,1.953251782512019086e-01,-3.173318832407538426e-01,9.714960348671486390e-02,3.161808919345178714e-01,-8.140408783498376266e-02,8.242827821850673420e-02,-2.948496744641386780e-01,-1.934171384335352240e-01,2.622760737540504317e-01,-2.622813100692633365e-03,-5.646665070914860807e-02,-3.771691687073177035e-01,-8.495710757631848298e-02,2.072105218637524532e-02,-2.720632957062716351e-01,3.225244409000239121e-01,-1.157223211227523113e-01,-2.778083644973556310e-01,-1.919758124287008205e-01,3.244635327355455123e-01,3.823722949496926593e-01,4.650162473062423030e-01,-4.848059200233491017e-01,2.525316846347122057e-01,2.783840323040855103e-02,-3.754399230529698039e-01,-3.175786874685678218e-01,-2.183071357002529800e-01,-8.119396698591870021e-02,-3.815734731350321068e-02,4.367888564384515560e-01,-4.416449430252069597e-01,2.091693050197759307e-01,3.541060948687345666e-01,-1.233324579151649086e-01,-2.482107480135610222e-01,-2.786915093740144345e-01,-1.973016062609378174e-01,-3.519570236956202081e-01,5.591594510345427455e-02,-2.490089235424834679e-01,-4.727484644856337903e-01,-2.797015465786765742e-01,3.240228966300681690e-01,-7.807714456619427312e-02,3.738206405462918824e-01,4.436156314376117349e-01,-2.571954260108399448e-01,5.777158878940134856e-02,3.773512366519285455e-01,8.142033726877201394e-02,-3.319952448575113624e-01,-2.329804769333174708e-01,4.868259168250361757e-01,-2.006131351098190130e-01,3.570264243877365185e-01,2.907376717575667069e-01,1.649425819826806638e-01,2.399810932182423751e-01,2.899818423126866995e-01,3.243435879866740090e-01,-4.548807589179673649e-01,-3.343741241914141571e-01,8.035448356903840406e-03,-2.875104741393941232e-01,4.021784014299326776e-02,9.673706521654181888e-04,-3.732285510316132315e-01,-4.087767747963430010e-01,-4.781497601717342727e-01,3.424721342741332553e-01,-4.714454024997368209e-01,4.615660163578121367e-01,4.838628009006910036e-01,2.297487651247907547e-01,-8.050681083352236034e-02,-2.242115365960794249e-01,-8.754755678577398614e-02,-1.547067339639009720e-01,-1.347651407023606196e-01,2.303503017984649126e-01,3.925262075823220398e-01,-3.419762916772716710e-01,-2.401715784025248157e-01,-2.775630506251718366e-01,-4.546540099262733614e-01,3.542007625324324338e-01,3.855880607614595168e-02,-4.319977491212740328e-01,-5.374298703975984026e-02,-6.721688485672996927e-02,2.543334068648891999e-01,2.658658972802190323e-01,-3.774081389205969361e-01,1.292650613496127698e-01,4.522805773118397654e-02,-4.864281599280170232e-01,-3.522641707122281529e-01,1.668574124332608266e-01,-1.333123490164684899e-01,4.552649340889076690e-01,1.750362229774093947e-03,1.829501175046983619e-01,-3.663823602907210208e-01,-2.055154139613046826e-02,2.637019538885702064e-01,3.334816757993983583e-01,-3.222483729537123365e-01,-1.040799531649742593e-01,-2.895419810718147247e-02,-5.359621010854511564e-02,-3.009600304273763599e-02,-2.074386724167896490e-01,3.087207429184083418e-01,3.996827990139190656e-01,-1.379146353492434196e-01,1.378600716821178906e-01,-1.192940816579745739e-01,7.710391046814558946e-02,2.035977398020442641e-01,1.516277327420323395e-03,1.759385378375317444e-01,3.187114491452420761e-01,3.393184775629861649e-01,-3.137378716272107848e-01,-2.899308667308886922e-01,-6.185462213272729416e-03,9.438339453869981632e-02,2.972728577257091054e-01,1.861365447276371737e-02,4.000524694601581555e-01,2.776040862307295742e-01,2.033841157510412820e-02,3.270707796537923318e-01,-2.704958903878709395e-02,-1.625102589969622258e-01,-6.855694932600119029e-02,-5.020870861256353755e-03
1.505319515389778595e-01,-4.487991681092421969e-01,2.295086770826890721e-01,4.592497267672401851e-01,-4.146043019872416163e-02,-4.316856983757778599e-01,-3.021242143274674996e-01,-4.013030259706867331e-01,-2.420298986065870239e-01,3.149409740837313398e-01,-5.286736381998785594e-01,3.500351648850673070e-01,4.395471505445320837e-01,-3.148710207516646209e-01,-3.051123708762459308e-01,4.657629748627578614e-01,-1.398045529442648038e-01,3.117763047492077000e-01,-4.909893224053117899e-01,4.533124151463247542e-01,-4.833337940783257181e-01,1.112731413133878633e-01,4.296804221582644079e-01,3.539077165654493928e-01,-1.896504477087133655e-01,3.457998471612948599e-01,-1.069523647690581586e-01,-9.997014680042277945e-04,-1.328435513957825775e-01,-1.452716656753920144e-01,6.568293255587155655e-02,2.970510658538632054e-01,1.994911285097490661e-01,2.546898435323273202e-01,-4.810083295358585365e-01,3.387538118536328330e-02,-1.477280288287596000e-01,-2.907802722982626986e-01,4.208518220778703078e-01,-3.288473840013512728e-01,-3.026352382581998790e-01,-3.218263400760185688e-01,1.583783544971582302e-01,1.105088839672338230e-01,5.633468984824931657e-03,8.680175712351437256e-02,4.405763142596821336e-01,3.718493236910080935e-01,4.063962034650486221e-01,-4.458421721271215166e-01,3.949321094239326979e-01,-4.597518726277066148e-01,1.492573956578346350e-01,4.314150231823933312e-01,2.463423473006457962e-03,-1.019338907101576264e-01,-1.574833079750154186e-01,4.253334263661495140e-01,4.214545822149742826e-01,1.191255091806058541e-01,2.139669762732999136e-01,-1.616889946395257405e-01,-3.812158363737929156e-01,4.790009780231678782e-01,1.570228873749858478e-01,-2.203455835200745228e-01,4.752055212559157527e-01,1.089698938638427317e-01,-1.356694032959206708e-01,3.931617862231495120e-01,-4.658265135290587944e-01,3.021121531904601976e-01,-3.404209896647713562e-01,-4.014150774022428037e-01,-2.525594934745107878e-01,2.144160431648720055e-01,1.061874796130294202e-01,-7.872162259413129082e-02,-3.711316003400234043e-01,4.216230619431341475e-01,2.662851745367306178e-01,1.786146567420142106e-01,3.224640028923242974e-01,2.744351448053262699e-01,-3.580363336583938239e-01,2.733547931309871504e-01,3.387563805550527496e-01,2.405958936209715016e-01,-4.728854446258409089e-02,1.864445326869180186e-01,-3.999923731858004428e-01,2.643453584821517377e-01,-2.466113675197570410e-01,2.888314273347954431e-01,1.175459685825401696e-01,9.387137941931545174e-03,3.511084538011079170e-02,-4.044875491625851138e-01,-4.591020896447607358e-01,-4.851749661677128844e-01,2.850831932988298623e-01,-3.610680234519913490e-01,-3.771323616663029288e-01,-1.156713494349064786e-01,4.548445520311832913e-01,3.869508302357803076e-01,-1.947097256997020465e-01,3.214741346701138203e-01,-4.040434404425918280e-01,-1.075691007713639041e-01,7.920578680563505891e-02,4.862558150808064528e-01,-4.513533644306357284e-01,-1.017807769934064993e-01,4.196104400046068994e-01,-4.757547790178979219e-01,9.908237890911208989e-02,-1.006062542461868548e-01,5.926001822888143228e-02,2.033494137018939663e-01,-9.499114004277862955e-02,3.910842323273789334e-01,4.478940564777982858e-01,4.994542393620102771e-01,-4.567586455240465471e-01,3.291944104959600437e-01,3.783725093483911728e-01,-3.772496554783656419e-01,4.073897383889881207e-01,-3.728861462753906286e-01,-2.926859215736229425e-01,4.539046874106456575e-01,3.487652616421950125e-01,7.655118755700351940e-02,-1.998776090011208095e-01,-2.079476865863895962e-01,-1.018329719524303650e-01,-4.935542629313215968e-01,1.360269748063516193e-01,-4.670776124044181410e-01,3.207755858689766426e-01,-4.546458149483325606e-01,-4.878079253612546684e-01,-2.153698600982486000e-01,2.726940094106214407e-01,3.280561024700552886e-01,1.863534913973618340e-02,4.322178517155040312e-01,-3.919598777586677518e-01,-1.738419372799718532e-01,2.465957583653749230e-01
-1.766800818133333617e-01,-3.545645179027768767e-01,7.782423099342811179e-02,-4.447867054454552882e-01,-1.279790360562875207e-01,-2.466061334249584902e-01,-1.648204889736635259e-01,-1.530433850166087670e-02,2.928453762799847204e-02,-3.808412372186354977e-01,-1.934263653623504997e-01,-1.084229953696752013e-01,-9.669559793169213435e-02,-1.656148405670046161e-02,-7.972100389645390972e-02,-4.259723119337280317e-01,-2.782169725809078842e-01,1.442860320181489353e-01,3.287640130109048542e-01,1.999571796349805010e-03,-3.508837051328726475e-01,-4.648100939202756687e-01,-3.424321798508077608e-01,-9.562852130352979263e-02,6.519828324526998065e-02,1.684980581082449469e-01,2.435931459176162925e-02,6.457167511080835753e-02,-1.443175983767067683e-01,1.659219868868845038e-01,2.125258835927883727e-01,-7.857454725779373927e-02,3.149124780236086107e-01,2.333071738835499620e-01,4.250440685350657111e-01,-3.203947615445320446e-02,-1.552008073372413144e-01,2.778083111916487824e-01,-4.624065702765929320e-01,-1.407117966939158138e-01,4.887339963690336408e-01,-1.675537799821721630e-01,1.107224487952238740e-02,-2.610753978002753883e-01,-4.230530226565547558e-01,-3.890482532379713754e-01,-6.478992278437989416e-02,1.197425906573747756e-01,4.614411570935158385e-02,1.868215638245475374e-02,-3.902572503040028784e-01,-4.535660139649718703e-01,-1.388245130622021706e-01,4.430825383788672966e-01,-3.201824475076890386e-01,-2.473624672760888765e-01,-1.164869143258779292e-02,4.227904171147460755e-01,4.379264167880246306e-01,-4.986964254739517100e-01,1.473746911810339955e-01,-2.646462807719039967e-01,1.366985133463575197e-01,2.428411633549268367e-01,3.871400255541997404e-01,1.881928749083004171e-01,3.444696824083908759e-01,2.844798919567029238e-01,-3.183197868523561791e-01,-4.579962771822950751e-01,2.161489347994506038e-01,9.486288841407198094e-03,4.998811925594285888e-01,-3.416344171494262727e-01,-1.229483839582442700e-01,-2.127584275596727525e-01,3.760783684331349130e-01,-1.630423804351369479e-02,4.152103209674645190e-01,2.037612314022823334e-01,4.988061683109192845e-01,7.738364729602176251e-02,4.777767105951957194e-01,-3.111932701021408731e-01,-4.397465081026455391e-02,7.839204445126157772e-02,4.783268569969858497e-01,6.350733668601782345e-02,3.551398605300977729e-01,1.285045828993987838e-01,1.240105593968371563e-02,-1.098890750650813319e-01,-1.451671671784262596e-01,-2.042409897573260469e-01,-3.045634292004183452e-01,4.626141718537138958e-01,2.809182355096815839e-02,3.740583177057609787e-01,3.849637610619134342e-01,4.423000772920046009e-01,-2.523557050712330052e-01,-1.619232249469561569e-01,1.331470836083573084e-01,-1.783017716428509369e-01,-3.803655045518063993e-01,2.606140191431397524e-01,4.204551909456444997e-02,3.832431241750568207e-02,2.042167964812855452e-01,-3.848408635083583884e-01,4.219089947046876787e-01,-2.016805230179693348e-02,1.899110160759925892e-01,8.734945623320031216e-02,1.052329260786896148e-01,2.055530818601753740e-01,-4.111982889187369428e-01,-3.480127094865054574e-03,-2.846858160782292924e-01,-1.103161478531958783e-01,8.408887454548550147e-03,-1.470193710933287157e-01,-9.630908647439193060e-02,2.368940744734179260e-01,-4.602954705908604005e-01,4.686270580096266736e-01,1.039175229614226620e-01,-3.424215181184733225e-01,1.677445814674746044e-02,-4.190644379641527140e-01,-2.490503520762486767e-03,1.870324644708202810e-01,-6.587092514478448679e-02,-1.858186807595392231e-01,1.876018226517751630e-01,4.762250558870332884e-01,3.605162530033828583e-01,-1.172278328655133456e-01,3.711785438851100127e-01,-3.948514329308928095e-01,-4.094298453236894231e-01,4.614268186771028901e-01,2.639814382458613995e-01,1.149648382496267635e-01,5.878272453783674883e-02,-1.743289656719167191e-01,4.082231681342345375e-01,3.506928820792143964e-01,-2.475805829268763747e-02,-2.827381859494355609e-01,1.834119498092168787e-01
2.261892414056652645e-01,4.803233374299906711e-01,2.889336526587472642e-01,-4.168586509682813968e-01,4.890789985381699956e-01,3.536905952617603321e-01,8.865623791135630871e-02,-1.764052296838566902e-01,2.125431609096547214e-01,1.053252020649402959e-01,-4.178001884830004897e-01,9.845536496916200420e-02,-4.798030701455351377e-01,2.884722759543610349e-01,3.268189298654449182e-01,2.301156283085160070e-01,-4.064285835979291051e-01,8.809371941022992036e-02,-1.086044333146209961e-01,-3.774245594536526083e-01,3.932547342905427512e-01,4.580840715623125670e-01,4.253819186034048516e-01,4.925822134950463838e-02,3.644080415594623812e-01,-2.894953314496362951e-01,-2.045160596902211581e-01,4.079921915357984097e-01,1.215370018856840872e-01,-2.736603150495335313e-01,-3.747238156617576088e-01,-2.533472727401693270e-01,2.015231377845454891e-02,-2.059808715435932358e-01,1.738407510426048797e-01,-2.275979972103111260e-01,-4.219724791100465389e-01,3.988187699575015954e-01,1.681546717816010950e-01,4.496093274104812076e-01,-3.154443523878397992e-01,3.622592318610732276e-01,-4.857697603437634015e-01,2.521856115077471955e-02,-4.984977457612699975e-02,-3.738036099418954872e-01,3.151187132395587565e-01,-2.281829334669025489e-01,3.988133708227366014e-01,2.100439239219028531e-01,3.505151331468887577e-01,3.922698907254617562e-01,2.937847474520074997e-01,2.371865483651641737e-01,-4.959294803257247586e-01,-3.717395514148645885e-01,-2.889568695734648918e-01,6.221096102205500578e-02,-5.028162168552219313e-01,-3.728434730658400365e-01,-1.977842912019672078e-02,-4.597382016007746097e-01,-1.936098613353510467e-01,-2.800263901923301102e-01,-3.255923568589243478e-01,-1.786994923076609953e-01,3.789502650989521881e-01,-2.685605595944089430e-01,1.613789322615311606e-01,2.323968779539913321e-01,1.517702113989609081e-01,-3.322147217868924862e-01,-1.447724156101918014e-01,-2.148698946149053268e-01,8.524835021599273810e-02,4.685295902484525321e-01,-2.831163830004910231e-01,5.237069273341729558e-02,-4.392770242509329570e-01,-1.365273507865040203e-01,4.541729509085173921e-01,4.102782668872007044e-01,-4.018140209444140409e-01,3.586050526366909019e-01,2.466038513783696540e-01,4.179296454502739455e-01,-3.892863638475495963e-02,-8.147242134950383186e-02,3.863505770621712410e-01,3.615711091671836713e-02,2.613676827940862313e-01,-3.259401387013584617e-01,-4.385049160574558402e-01,-5.898176352525871802e-02,-1.796214454444416964e-01,1.190930544545176425e-02,-1.329163546128683260e-01,3.502730065411412963e-01,2.356049397732076778e-01,-1.160426769216234832e-01,-3.646778220257580472e-01,2.101627787613146447e-01,4.117232928818383847e-02,-3.482654965439440087e-01,-4.780569173920513060e-01,1.173946042303660869e-01,1.005395625077076110e-02,7.720874716296687035e-02,-1.218708566780311586e-01,-3.104758680192013648e-02,-8.000787149188456904e-02,-4.122549378844089785e-01,-6.783074036862920316e-04,-3.910253192890805751e-01,1.734886204195380532e-01,2.454631947136295400e-01,-3.320642437898827515e-01,-2.990626926131686458e-01,-2.529512092116222299e-01,9.851011909326203020e-02,-9.690411771649300177e-02,3.853709118544605405e-01,4.496419003867140746e-02,3.093465274006163349e-02,-2.836389647092165678e-01,-4.025360396558301246e-01,4.247099895721540008e-01,-4.052216195332941640e-01,-3.953776506408644420e-01,-3.046916384232274400e-01,6.725516849597797109e-02,1.360204978124124608e-01,-1.131613557957640709e-01,-1.051024134104979746e-01,1.489662316583326984e-01,-2.112733150430267104e-01,2.895600070043730656e-01,1.378646744600734719e-01,1.257361208022569066e-01,-4.761051905311769472e-01,-1.255268790732025908e-01,2.635122944399138079e-01,-2.944846295001214420e-01,1.444893546509304905e-01,4.747216887697638388e-01,-9.633556988234677487e-02,2.666399270513295297e-02,-2.884613155647836602e-01,-4.937975631492350637e-01,-2.673606457885144838e-01,4.024186596336282455e-04
1.042713692382189888e-01,3.362273741882161326e-01,-2.187307683677109926e-01,-1.743030563578784053e-01,2.199451094846570920e-01,1.628004298800699856e-01,2.239308624563305372e-01,3.766766372765445459e-01,-4.149712448480869509e-01,-3.375302955939618044e-01,8.876320804630167443e-04,1.054060571685521835e-01,1.540715179253801803e-01,-2.666413799476800572e-01,-3.734932404933064554e-01,4.214358881791521183e-01,-2.622311018646834579e-01,-4.821717628470044703e-01,-2.170874614717293039e-01,8.319395628676801852e-03,1.399449720539765463e-01,2.124721024334292885e-01,-3.513392835755062560e-01,4.924514079647616255e-02,-1.798265500388202820e-01,2.572493842154151555e-01,-1.405057716042430460e-01,3.104241868019792516e-01,-3.007555127763854586e-01,4.949673685363093489e-01,1.630422158226969148e-02,-5.734533309580196886e-02,2.256572077992877179e-01,-1.313241753802607270e-01,-4.504896021538879469e-01,-5.774973103522301754e-02,-2.126270967982697435e-01,1.618174797169070755e-01,2.671457222126029374e-02,3.053301418589678407e-01,-6.721068937491711179e-03,-3.507740565424699586e-01,-3.543011640837889775e-01,6.992658120804629007e-02,-2.351260130000375481e-01,-2.884007162093020216e-01,4.417827141119312628e-01,-3.584260578084370041e-01,4.164991626039748485e-01,3.622751079505531768e-02,4.351958790404416022e-01,3.456540675239871407e-01,-1.977628527210505693e-01,-2.875402689384268240e-02,-4.147169985413273197e-01,-1.489261169668202045e-01,4.319945377754237370e-01,-3.923995519638770468e-01,-2.560014779970413712e-01,-4.572735799095942189e-01,3.603566387008884098e-01,1.827836177241785598e-01,8.049942355002331906e-02,-3.443641527499433780e-02,-2.399557829386906316e-01,9.115059461473766500e-02,1.871809364877127513e-01,2.929996253211156754e-01,-3.150683769290706926e-01,1.236175535370674788e-01,1.480994462897804176e-01,4.148518637813634197e-02,2.606255030652808724e-01,2.078502956446652561e-02,4.374468776700371486e-01,1.496805624642061627e-01,1.214485023730902946e-01,-4.868422357255665078e-01,-3.660843404472476359e-01,8.556829514285384242e-02,2.669116547094946279e-01,-3.729166443073440584e-01,1.401042928847551217e-01,-3.290534760153415728e-01,2.993350258868013314e-01,3.212059404629614701e-01,1.206449325001958256e-01,-4.328720175922429192e-01,-2.463596938931784386e-01,-2.304689076765470968e-01,-3.216641031817094737e-02,2.583671145171788641e-01,5.261298901690051461e-02,4.925467851897975535e-01,2.042842394190143018e-01,-3.586051075484986139e-01,4.544710432669540889e-01,-4.378439472124296961e-01,-1.671427990947713105e-01,1.372514670563852457e-01,-9.345837332202472370e-02,-4.774722678217391825e-01,-2.035133967860515702e-01,-2.588208348254213420e-01,2.549739846461977488e-01,9.327854713876922166e-02,-3.642274983576245240e-01,3.679306917884603290e-01,-2.835906790962251511e-01,-1.800416004080031274e-01,3.747233686349683013e-01,2.652242115598166250e-01,-8.331259583262140556e-02,6.431990186100792171e-03,4.791690195290001508e-01,2.070987059354869875e-01,2.157755243012050017e-01,1.523030105404956647e-01,4.931991437703026615e-01,4.240089297326894435e-01,-2.053652265757024975e-01,-5.569836163760543551e-02,1.326137725329089578e-01,-2.578832486318698991e-01,1.404489041445252384e-01,4.140634625559125315e-01,-1.937243112572555048e-01,-1.372677273023508171e-01,-8.568688606614736913e-02,-1.136823150065844334e-01,1.162688033072530325e-01,-4.495318491327397470e-01,3.268110750895307781e-01,-2.146577126503563804e-01,1.309718198108596465e-01,-4.244205376602651347e-02,1.022025265643187741e-01,6.429469509427684915e-02,3.682638212736204231e-02,-3.500880299999508671e-01,-4.607843599050262529e-01,-4.022498537123619933e-01,-1.226368284573542133e-01,-2.429073373629940524e-01,-1.519628749665110842e-02,-3.096422157651248716e-02,2.440868573988255047e-02,-3.668539534054201523e-01,-7.302385119629393843e-03,4.449040237775771511e-01,-3.125408434013995929e-01
-4.844566344578462025e-01,-1.620946284014488370e-01,2.084993698221543346e-01,3.545571218301564742e-01,-3.912483211332030142e-01,-4.702804941173232001e-01,-1.969493432303064118e-01,1.174469391092784754e-01,4.227593090097577777e-01,-9.099600093637641440e-02,2.476079007207484250e-01,-4.124430170331699896e-01,1.409725555912066386e-01,-2.501396868358155001e-01,2.710778285873475246e-01,4.121258763728644636e-01,-6.205233377510804837e-02,1.872183519440834276e-01,-1.459623915874390665e-01,3.376786606352500386e-01,-8.601119346497103357e-02,1.256641428046945397e-01,4.895853429464221418e-01,7.143927922845443035e-02,-4.718111707748456202e-02,-3.620183529106451026e-01,4.496208038384426620e-01,2.418284182045671651e-02,2.010479990544846995e-01,1.527307714049640497e-01,-2.690146910637485345e-01,1.600214515868743637e-01,-4.033712042729691305e-01,-4.548920831346908167e-01,3.511838143004556989e-01,1.088634812529314932e-01,-1.991380694699937948e-01,2.744549445340793703e-02,5.790248266448294601e-02,1.455744343384309525e-01,-4.973853541963961788e-01,-3.594504423280126537e-01,-4.092084115339409411e-01,2.520894864651236356e-01,-4.766528422075299448e-02,-3.016033974081155367e-01,-1.255139419322428562e-01,1.645756815031587106e-01,-3.816591052313191706e-02,4.585904257630629699e-02,4.359340259742977564e-01,-7.414888997872563781e-02,-3.928484211930083903e-01,-3.913575836470675751e-01,2.247173582656589730e-01,-2.148579303729600265e-01,-3.743592014776284116e-01,2.910600592765335004e-01,3.921887688891722568e-01,-3.976431597414765151e-01,1.161407872729330465e-01,2.396727747706449418e-01,-2.653960348768534816e-01,3.366688796226954272e-01,1.840132311209632110e-01,-4.798494663745075245e-02,-3.373358973895741464e-01,-2.421673600825875738e-01,3.596098035738543031e-01,-3.348288115284795974e-01,1.793949475021938134e-01,6.270976684126861045e-02,6.071798895096950505e-02,-4.921011776172625196e-01,-3.938891195709125492e-01,-1.907278097930948935e-01,1.255223989467976198e-01,-1.185645818065090840e-01,-2.903062394383402189e-01,-1.194171394067973929e-01,-3.688424345007257354e-02,7.165033825547416357e-02,6.342073103983937588e-02,-1.438055025692275557e-01,-1.520140071480901439e-02,3.062398809960067969e-01,8.904626949507578326e-02,4.679915930662972290e-01,8.471427443072589158e-02,-2.167095866138552540e-01,1.311559330018070499e-02,-2.709816675510774014e-02,3.561546591688709018e-01,2.401278031770948673e-01,3.771765936393238761e-01,2.178661638104195664e-01,-2.791559694536625558e-01,-1.983591263403842730e-01,-3.361915932111042560e-01,3.790422045846018606e-01,4.187375260411517752e-01,-1.759707773061267577e-01,-4.767753059708229602e-01,-2.800874532271468639e-02,2.701052944227198549e-01,2.038623036523098953e-01,1.678634065414862098e-01,-4.839371135336211216e-01,-3.913434715167768418e-01,2.294889526227885390e-01,3.185511447581056421e-01,-3.177738598093675093e-01,3.163013365211810313e-01,4.353345922452655503e-01,1.016347060484565912e-01,4.789007013599973217e-02,-4.670776464675044926e-01,-8.605697086402597229e-02,-2.871701356056147875e-02,4.534540837788567647e-01,-5.802389733489243112e-02,-4.890011996772413161e-01,7.450390915271858094e-02,-4.083993981874317059e-01,4.749890595471603083e-01,1.684390302087519775e-01,2.190894523189479692e-01,1.647406335666841137e-01,3.934910583008698892e-01,-9.505269219399559155e-02,-2.210594549125926012e-01,-4.228736045192935666e-01,-4.215187632886351343e-01,-2.282449068545244764e-02,2.521443411999418904e-01,2.805077056267749058e-01,-5.033096590935788317e-01,1.098486338205535151e-01,3.325411611961839320e-01,3.530339255321022218e-01,3.178216769224717630e-01,-9.019724154663770477e-02,2.105704019241863290e-01,2.015283474811746522e-01,-4.357898404137485193e-01,-4.668176186650029869e-01,-1.391468418274461882e-01,1.338458546454856790e-01,-1.230143065925059093e-01,1.344871626269345255e-01,2.799848583227861343e-01
2.713775950044629570e-01,-2.168964096958329035e-01,4.717371717135773190e-01,5.469663793174805305e-02,1.276384499043267673e-01,1.349893796368852317e-01,1.947976364107151248e-01,-3.449980505192657421e-01,1.769984211836800880e-01,-4.484941216464320007e-02,4.812437111318628724e-01,1.033923751687070985e-01,4.739901340982778932e-01,4.871904448895076900e-01,3.653799684858779484e-01,8.619310499562571337e-02,9.721525360258638504e-02,-3.031477669130600017e-02,-1.303254417772992113e-01,-8.411220990147322274e-02,4.062185446532389776e-01,1.405841823802405910e-01,-3.284407978373733994e-01,-4.589601379652643032e-01,-6.084882627031033137e-02,-8.482766578163465632e-02,-4.341752809164683424e-01,-2.762296091445780588e-01,-1.683072884262274971e-01,-1.227523715597966247e-01,1.095439155678998716e-01,-3.246479602741805803e-01,3.217870659449252879e-01,-1.786712713167988575e-02,-4.256189316923436050e-01,-4.004131765874479054e-01,4.424121571442499734e-01,-4.676533416241532293e-01,1.489831506432309771e-01,-3.442417006180165662e-01,1.542072969909568658e-01,5.018762734417798743e-01,4.167932184231832315e-01,-6.274353209751581950e-02,-6.849648669350758001e-02,-2.105601474875743173e-01,-5.958599365120231806e-02,4.395672620214572945e-01,-4.597165923596465698e-01,-2.116462470703728282e-02,4.019265109049530715e-01,-3.906438917720838067e-01,-3.778721337351216292e-01,3.161593455179485535e-01,-2.171737795046390085e-01,2.733576667804316074e-01,-1.949748170836856642e-01,-4.224651123490619220e-01,3.176512987929961951e-01,-1.681804376832503889e-01,-3.921414471609928343e-02,-4.409516160144266728e-01,1.431072759094382807e-01,3.289528734513397223e-01,-2.802396270452395255e-01,4.469776033321328224e-01,1.305752292019745353e-01,4.819748496628769446e-02,-2.995731398601693130e-01,3.740439520211934488e-01,-1.214899096718221466e-01,-4.433415844405126371e-01,4.257784406258649512e-01,-1.233557246865882723e-01,-2.259353317737154143e-01,-4.422827360750992143e-01,-4.738465343397727514e-01,-4.568961549115632126e-01,3.761279459244499801e-01,3.788433807215462190e-01,-3.026803099092034710e-02,-4.407671703553927567e-01,-3.604375875257214146e-01,4.352782355081237786e-01,6.574976516139548199e-02,2.955924721351972928e-01,-4.231370667623417514e-01,-4.444003645028601346e-01,2.674335695713039307e-01,-3.841911913173842730e-01,3.207014680108327687e-01,4.344493261287978858e-01,-7.499363212037840620e-02,-3.847974423673256594e-01,2.176222269216020466e-01,-5.427582807362812262e-02,-1.040124547325962934e-02,4.079568638909476519e-01,3.985633031928137449e-02,-3.618031337534061698e-01,-1.147188974438433928e-01,3.505903326906991135e-01,1.144750189111332431e-02,-4.418385619186882551e-01,-7.981954500686935794e-03,-4.601647203719914092e-01,3.709364793232450830e-01,-2.492672730168417894e-01,2.689808149393293490e-01,4.947082313885496352e-01,3.963647661489568819e-01,2.863745768387966281e-02,-1.761714325635304335e-01,1.878876461741830761e-01,4.661131942563345731e-02,4.043585107548776647e-01,-2.578247072846603372e-01,1.934551454450641472e-01,-3.335278947479626277e-01,-9.490782134372377499e-02,2.606568935390375374e-01,-1.365622547966714173e-01,-2.218512145041088013e-01,-1.235589483067622563e-01,-1.273084200851782588e-01,-4.673336103576871681e-01,-3.568769599661036906e-01,2.189079076743481456e-01,1.898544784483382764e-01,1.524823896827339764e-01,-3.631464899605956198e-01,-3.857246472139007065e-01,-6.899598701529022866e-04,-1.609581212220290158e-02,-3.725425483137052018e-01,5.201993606162921280e-01,3.151322299641482472e-01,3.659775260851796941e-01,-3.246442275042515369e-01,1.487804260841962822e-01,3.755635831073531605e-01,-1.895249963296349038e-01,4.861156953097683364e-01,-4.049252606803467325e-01,2.932298212224268563e-01,-3.432824868749653757e-01,-2.435540171091707395e-01,-3.256693641461700928e-01,-3.881741790333789743e-01,1.677149820264613733e-01,-2.549123766729452512e-01
2.992529600745167939e-01,2.709222799297093531e-01,4.574215730640073252e-01,2.779718706914112714e-01,4.900277190759076973e-01,5.689407976656963434e-02,-4.450721013407927251e-01,-1.667325074568085930e-01,-1.059200537670569320e-01,4.793666285520088999e-01,-1.227065656435044200e-01,-1.562005486095473239e-01,2.997463133874819219e-01,4.212989864179285115e-01,-4.915263305654291592e-01,4.809719716585727500e-01,2.092201580302179287e-01,4.957520539680596583e-01,1.485574574508520262e-01,-4.972991210929255113e-01,1.851185600136336928e-01,-3.091996311588814383e-01,4.885122389184470282e-01,4.058545480397550698e-01,3.607582358944525502e-01,2.110317588539641909e-01,-2.466063812569477542e-01,4.266407645539401217e-01,3.226152574275225615e-01,1.342715945559358748e-01,-3.290475971175482739e-01,-3.007702038000152900e-01,6.691928662515034265e-02,8.898473623340615035e-02,-9.198871042462786196e-02,3.135186336470994206e-01,1.783109845483421552e-01,-2.419444545776741895e-01,-4.699558556167127144e-01,1.067875635518520661e-01,-1.706014135564977163e-01,3.898376600862145103e-01,-2.658824478307680317e-01,4.863330586588299198e-02,-3.020711473008801384e-01,4.667289557425227109e-01,1.429395418099987936e-01,2.530833546643591614e-01,3.908563270380575050e-01,-4.611823055343311495e-02,4.513338339208403799e-02,-5.036086147266475438e-02,1.245871374648412355e-01,-1.650721605423398353e-01,3.219636033970607603e-01,-1.406531575300389025e-01,2.713830084038207358e-01,-5.003346204264342845e-01,-1.517401354441545169e-01,-2.010569073683021735e-02,4.010516124073203459e-01,2.223662486725551668e-01,2.267270728172661454e-01,1.366444960640869066e-01,4.007484894110735496e-01,2.282290068972878394e-01,1.314833773171643072e-01,4.208560093122288848e-01,2.778365978788865376e-01,-4.852114493626455416e-01,3.359870469704677731e-01,-3.404719970549991981e-01,2.483751043120498159e-01,-8.669913514702459745e-02,-1.166153443792212613e-01,-3.461458707281762082e-01,-7.161806527485928275e-02,4.994439441318285766e-01,3.432300151096729368e-01,2.314677292972749656e-01,1.429373677738453585e-01,-2.595062508579595861e-01,-4.371604302255521213e-01,4.424105416793142620e-01,4.204304111628341944e-01,-4.977756062764735479e-01,4.110860451208032673e-01,2.472745058332516122e-01,-4.082386467802308627e-01,-3.457774724789581811e-01,-3.236303095497250482e-01,-2.433918973683558695e-01,4.090584791039271195e-01,-7.882007717764738519e-02,3.847718781427420659e-02,-7.565643272928135321e-02,-2.057736551347451315e-02,-2.639213812371659640e-01,-1.848790477439089530e-01,-2.475499906171438058e-01,-2.151126075191838460e-01,1.085252665855854920e-01,-4.766864292323380048e-01,4.377196834891824428e-01,1.053935201133441787e-02,2.122932694819112953e-03,-7.987781081490778756e-02,2.332374536411722932e-01,2.719222879198615606e-01,2.223737229300561669e-01,4.653965236362661573e-01,-8.550021420244395542e-02,-4.143566418459390666e-01,2.949478767919112565e-01,2.124728248374596618e-01,-4.769525892493061137e-01,-7.179732034161667720e-03,3.097742228956150701e-01,4.436515377553378325e-01,-1.503191921912347961e-01,-3.522795825421582566e-02,-5.541201004453743389e-02,2.440687520415124878e-01,2.034542329598488797e-01,-2.361194254681103777e-02,-3.149776442099544993e-01,8.714095320377235332e-02,-4.750090167572421085e-01,-1.513892947630539887e-01,-1.921381918308704417e-01,-4.333150370478273672e-01,-4.031633862101740018e-01,2.863682180880759987e-01,-4.684360601844472782e-02,-3.713414801280693345e-01,4.400126012984161838e-01,-1.841682169646955136e-01,-6.039701371080075099e-02,1.980381866438463145e-01,-3.429135667050370873e-01,3.044996355049203740e-01,3.411989734373344074e-01,-8.748014709792473198e-03,2.094561720263420357e-01,2.233790889419448034e-01,4.976308478414002145e-01,2.745860648944416504e-01,-1.391898528948812552e-01,1.294199391425420939e-02,-1.061609326813455212e-01,3.835731812348006087e-02
3.957651227351552947e-01,-4.038565590982655662e-01,3.941783963861278384e-01,3.841961312714092976e-03,-3.546060777321650703e-01,4.338835526037732038e-01,-3.053438897389742501e-01,-4.730470200715545803e-01,-2.920623821481866875e-02,7.427514982213215267e-02,-4.487355029910322646e-01,1.291601228419492764e-01,6.312069397681473182e-02,6.314774892892630054e-02,-4.192272223593492830e-01,-1.432525293213118001e-01,-3.694125345254440917e-01,-3.208343749615205631e-02,-1.293790709766829972e-01,-1.704170388740768594e-01,3.817384478404730608e-01,1.236098926137327025e-01,-3.899271239133674793e-01,1.576396887182258955e-01,4.962461336279711532e-01,-1.344813501395606681e-01,2.705231532708674003e-01,1.571375004006361764e-01,-2.478063162558359622e-02,-9.540229404063060858e-02,-2.862040988785009010e-01,-8.209391507370598917e-02,-2.330590992428724362e-01,-1.392195332601703535e-02,1.691255433665302121e-01,3.868993630781382698e-01,-3.545813775574672699e-01,3.097866837167347898e-01,2.623476896320015572e-01,1.277949033495028863e-01,-3.078630247708263878e-01,-4.282980544018833990e-01,-3.631597911547129742e-01,-1.781987041124345750e-01,-2.087724029291011252e-01,3.103970844289196118e-01,-1.564086806324019863e-01,-3.377034010427269473e-01,4.757357927785190177e-01,2.049498015162228293e-01,3.033273809180196401e-01,-2.584152320004789311e-03,-4.030671013185418428e-01,8.626562107173399441e-02,-5.525694244045343401e-02,-1.821070203262443732e-01,-4.124596367637745620e-01,-1.838740809121857112e-01,-2.278188979294535621e-01,-1.437378103849646926e-01,2.133130374697296827e-01,-3.833748284937514295e-01,-1.212958413742665498e-01,2.588654529761301171e-01,-1.903116161329893030e-01,3.560439074729633280e-01,3.639962076737326413e-01,-3.107776023358543860e-01,1.497214928552987878e-01,1.393960524432588111e-01,-3.305606544670677827e-01,5.768614070016496453e-02,-2.462798960831072762e-02,-2.592144013329677477e-01,2.129284439865713474e-01,3.953716002783271843e-01,3.964594571182929461e-01,-3.942315574661835464e-01,-1.213088558600333433e-01,-4.107835213789273188e-01,-3.613790508629599607e-02,1.631541083128554004e-01,2.069170270598374439e-01,-4.421100142550893342e-01,-3.867517138396793785e-01,1.321635383516179263e-01,3.349325536910130463e-01,1.074294387910954968e-01,-4.062798766946662532e-01,-4.181618994120070432e-01,8.061076865068504682e-02,-2.831811578021981024e-01,2.473839194194699664e-01,-1.978531105417482561e-01,3.258464494082076168e-01,4.021005154726622899e-01,3.162715224043435858e-02,2.026636063040969382e-01,2.640663932093708643e-01,1.266712152513033429e-01,1.469246312885730543e-01,-9.631122336472323908e-02,3.928127511254576043e-01,-3.229209406739779187e-01,-3.384101901500405352e-01,2.244138932203818271e-01,-2.886637538393432290e-01,2.012872924878088970e-02,4.013663376914902159e-01,-1.424150035943627934e-01,2.357638030214395108e-01,3.690671399576236911e-01,1.584785376079226316e-01,-4.093219737054908380e-01,1.635148692379795321e-02,2.969960312935839841e-01,4.977690635443391409e-01,-4.135408213761578022e-02,-4.436497565303973989e-01,-1.508576856902743013e-01,-6.156698718132964715e-04,4.293846975435360869e-01,-4.348119074607401657e-01,4.159050329634594867e-01,-6.007567247166804847e-02,-4.004226459555488837e-01,2.516167478612875152e-01,-3.790438922676275246e-01,-3.662722134425067666e-01,-2.631363375713188235e-01,4.712179647562879381e-02,1.602906229520020265e-01,3.602468128812963410e-01,8.973701278997425757e-02,1.376015131600319130e-01,-1.840792611902780304e-02,4.221779935842707304e-03,1.629181937305019812e-01,-2.298890336920134114e-01,-2.041349763389889715e-01,1.234381797972268768e-01,1.215937700396591686e-01,-3.198364624599421280e-01,-3.042898643352123234e-01,4.843389163971019429e-02,3.331255246404040693e-01,-1.881381477763129362e-01,-3.260354811863734881e-01,-4.515379666368239397e-01,3.011433975685054443e-02,2.854039231772054555e-02
1.126639735907291329e-01,4.651547826467926361e-02,1.589141601763953415e-01,3.700700058295807171e-01,-1.825069489305226333e-01,2.960344299738889573e-01,-2.731758321696312053e-01,-1.691689704323768861e-01,-5.698159379856153860e-03,2.026885241326333714e-02,2.379599829806822442e-01,-4.738292866082123855e-01,2.384138217703249685e-01,3.060913952623368073e-01,-4.985245275754290328e-01,6.199140786181102369e-02,-4.812640211844138594e-01,-3.616812470181831607e-01,3.711893939181406532e-01,-4.451187897029125762e-01,4.073541561746501505e-01,1.674129633770048697e-01,2.659549727870100799e-01,1.754621025226877074e-01,2.583809601829685776e-01,2.322782813654933887e-01,3.948595209681121099e-01,-1.401660200779387966e-01,-1.170189387825957827e-01,1.494216115851863258e-01,3.000521361047270644e-02,1.786502329781508858e-01,-1.317159354796551551e-01,-8.151515766411535080e-02,-1.081249853463747690e-01,-4.603311503528907389e-01,2.368378108652207936e-01,6.897177731707544723e-02,3.862433337912886122e-01,2.375883441088035841e-01,-8.501696636526288875e-02,2.754466339043962209e-01,-4.366172891232970033e-01,1.360734060984540861e-01,4.310470199755088716e-01,3.916117235106514327e-01,-1.835917923569932997e-01,-2.193978968598833401e-01,-2.051285844496635591e-01,3.867059200321075196e-01,-1.577487897865675615e-01,-8.646572368776027362e-02,-1.702708242594116184e-01,-2.337657903480177546e-01,3.700985484169181938e-01,-5.648646944438314582e-02,3.426349316946996487e-02,-9.876701350566460813e-02,-1.647625938073412899e-01,-9.640778607157063362e-02,3.948679726410468938e-01,-2.196920166747768355e-01,1.965682308520990407e-01,-2.859439848540449303e-01,4.092122096521373376e-01,-3.298052250266431812e-02,-2.012972299267496434e-01,-7.142947288714920906e-02,2.398215718356823123e-01,3.563858358213735644e-01,3.122510896532862956e-01,-3.701723273439615491e-01,4.674537902489139252e-01,-2.264751710521440212e-02,4.511688819978336706e-01,-3.291960723385134457e-01,4.408893968602515812e-01,-3.070364961182348029e-01,3.692619597654780983e-01,-2.293653419835837703e-01,3.409506343770293268e-01,-3.362156101850400369e-01,3.547927364537099004e-01,1.615257548587548664e-01,-3.784783039805891258e-01,4.368612352445446212e-01,-6.597609512294301537e-02,-3.164009569090701635e-01,3.434530956745789898e-01,-4.456014954509857073e-01,-4.617666689614058351e-01,2.371453196546990105e-01,-4.105065088788947270e-01,2.464275510151343052e-01,-4.056467971622073621e-01,4.396675285039379766e-01,-3.628184959291338996e-01,6.300796346538259374e-02,1.460885953836247309e-01,-1.337928657406476651e-01,-4.040727814491237857e-01,-1.170101276026539426e-02,-1.643462760858381833e-01,3.908400821410800141e-01,-2.970520694900196101e-01,-2.761967590218930568e-01,9.713142857143286513e-02,-5.600590301208593913e-02,-2.130366900062256874e-01,-3.596556882803598199e-01,3.399602153550532746e-01,-4.044514897250305885e-01,4.037906056238261265e-01,4.403333551031970439e-01,-3.697477491354029810e-01,4.245931380834210289e-01,-2.342895542157984179e-01,2.924541042064351948e-01,-1.752397009721559928e-01,-5.440567443495808453e-02,2.103784116482291799e-01,4.622787465700978898e-02,2.546094205875616412e-01,-1.036084795853152163e-01,-4.377670299182974678e-01,-1.565160731213280088e-01,3.846350181715848526e-01,3.022178499068324808e-01,4.259907796988495754e-01,8.919136318495257676e-02,-1.719275274840610657e-01,-1.830463340099463057e-02,-6.914703825459378277e-03,-2.549884588747046710e-01,3.713532569641276870e-01,-4.404619012894869234e-01,-1.685070031353668729e-01,4.780926539651337848e-01,6.043907163055321080e-02,4.437481181215076065e-01,-4.933436161884768856e-01,3.114816674844312905e-01,1.254855663306065627e-01,3.564054751437469859e-01,2.346126063370002623e-01,4.995711045959929653e-01,-1.621859534353637944e-01,2.439750172469933864e-01,3.445945847580801358e-01,1.932307751691248465e-01,2.914596179253936548e-01
3.191626666136652135e-01,-2.282151544972527146e-01,-2.167670724604890964e-01,-9.552328390972611438e-02,-4.762255694283573648e-01,4.050433206237566974e-01,3.111740471954419496e-01,-3.682617272368761685e-01,3.186247693949156856e-01,-1.702744973812956586e-01,1.062779889030701225e-01,-1.136555281608993100e-02,-5.531430239291834638e-02,1.090091460669932455e-01,4.076270493857937494e-01,-8.589584523809634664e-02,-4.732695811539307518e-01,3.513806997120506592e-01,4.519006876470311740e-01,3.071087586724992602e-01,-3.435917188370071207e-01,-7.818207918883804397e-02,2.568802013370799497e-01,3.634503080795699614e-01,3.698626966404959249e-01,4.235690630973595883e-01,1.416137649017103484e-01,-3.613358998574711656e-01,-7.981944195270671005e-02,4.594957108764389231e-01,-3.677742453731157046e-01,4.329491150499366059e-01,-1.404218674974561099e-01,9.092442408714188073e-02,3.134525722215685262e-01,-4.070808794922913254e-01,-3.876386921367582228e-01,-2.163224674921293555e-02,4.043240004599718551e-01,4.702758818903572391e-01,1.543029503023816973e-01,-3.085178027242469478e-01,2.934328491170713482e-01,-1.237799575193880841e-01,-2.356895032893944475e-01,8.991130629687671405e-02,-5.707468160539963531e-02,1.921517749965283989e-02,4.704454686414192288e-01,-4.616227648293189656e-01,3.735509100987077780e-01,-6.650976156610913237e-02,3.457350151451746845e-01,3.760865575766111912e-01,2.368546705318208545e-01,-2.630419826220057114e-02,2.185612775359003015e-02,9.676624599818195449e-02,-1.045064765011121666e-01,2.135414391759233865e-01,3.547520548966748288e-01,-1.630535959925717704e-01,4.544493478759868976e-01,6.272071859903260993e-02,-2.063648566542829466e-01,-3.371798843630991471e-01,2.263253141657228518e-01,-2.189124882243275172e-01,3.090464682183666767e-01,4.469439535026611954e-01,-1.485080754873006614e-01,-1.216793363035842818e-01,-1.982001453150501746e-01,-2.442922255115674568e-01,4.986624615108286029e-01,3.277110756014637305e-01,3.651361712368204615e-01,-4.723070959221254972e-01,4.520436325594241467e-01,3.238088521898335181e-01,3.232699870006049414e-01,4.264093462658063438e-01,-8.826683368582674549e-02,-4.233178591802570501e-01,6.953321165416426197e-02,3.569249859002732173e-02,-2.840689843593948716e-01,2.424178500052317775e-01,4.851343174573610195e-01,2.162718818171822655e-01,2.941425748250774963e-01,2.727368710154936537e-01,3.103588943535474654e-01,-3.404035436665353576e-01,1.055951832856258932e-01,1.083176735665645207e-01,3.739468847279106001e-01,-6.182412222894985432e-02,-2.398290916248848603e-01,3.662169025002580403e-02,-6.227791370309377662e-03,-4.831654355306166937e-01,-4.512238830759044417e-01,-3.118821795607659153e-01,-7.443359921470579614e-03,1.585434019511691162e-01,2.087105646160692524e-02,7.484135566287726526e-02,4.921000355396760728e-01,-4.123567033152436556e-01,-1.272986319221491858e-01,4.536699361220440652e-02,2.906527966317712375e-01,3.837136103753073235e-01,1.202399085045302574e-01,1.555258452998421470e-01,3.943519707512229688e-01,2.919891791506392664e-01,8.088744854993733246e-02,-4.878198908721933513e-01,-8.743469374348608603e-02,-4.291140934176571609e-01,4.628998417032101353e-01,3.267425163427902790e-01,-1.540260757131601821e-01,-3.991147332678001702e-01,6.408638618208917226e-02,-1.479701080907706023e-01,2.232658200410599925e-01,3.372969749712343424e-01,9.697789631120265486e-02,3.183181763307802448e-01,-4.912467912455021901e-01,-2.665413556928616368e-01,-6.935278916435826113e-02,-3.501615468672894527e-02,3.127393946366111011e-01,-3.245472980682186925e-01,7.285607044022532341e-02,3.796930450707502319e-02,1.485699397750913919e-01,-4.863996998411383443e-01,-4.562387172946542058e-01,-4.091072818088249408e-01,-1.066056223264444103e-01,9.750330938419157767e-02,2.339658416549659226e-01,1.508263682878862588e-01,-3.924862489830161505e-01,3.658267694869514197e-01,-1.055088348874074211e-01
3.163586354477105900e-01,-3.288927361867958754e-01,-1.197908281280708753e-01,1.703588155255249259e-01,1.300788784702306411e-01,1.878123709038634348e-02,4.232483682280787640e-01,3.115338856029923886e-01,9.576464525762547197e-02,1.782868313302212460e-01,-8.408351927670709713e-02,1.328349126831074832e-02,1.302580315445074632e-01,3.374042694558971878e-01,-3.001904168549358043e-01,-4.227590706447168639e-02,-3.159716330648643656e-01,-3.027998640212393733e-01,-4.643202036616991268e-01,-3.810658556287687126e-01,2.573346571245129777e-01,-1.705035026458052994e-01,-1.952144368615538750e-01,-3.556815340867433561e-01,7.638153903716361770e-02,-8.460708430265516389e-02,-4.447351623938425313e-01,-1.174276833680565069e-01,3.077966034684345709e-01,2.567683293772842767e-01,4.745483564082121908e-01,3.576587831228202341e-01,-2.051222797920004056e-03,2.921351976253977467e-01,2.849099868469671670e-01,-8.993400542845005063e-02,-1.128587968041916273e-01,6.010592385249115266e-02,-5.423568120170353668e-02,1.225954132674253322e-01,3.138631135460189792e-01,4.189446679299465570e-01,1.432943626680026894e-01,2.474926572491179325e-02,-2.843891066061347561e-01,-1.004232057464403416e-01,-2.757535683232071877e-01,2.288708746122196103e-01,4.030749245879225451e-02,-3.466014773238436097e-01,-3.347618477622497646e-01,-4.716066780191919827e-01,-3.861672853445305420e-01,1.191799786668818750e-01,1.376427337235680004e-01,2.806996718799486742e-02,2.894947366363402885e-01,4.646941889828035133e-02,-2.436750715131446310e-01,2.655520050868216408e-01,-1.335887855414101266e-01,-4.555218643333212580e-01,-2.840315093704399163e-01,-5.525246512300783369e-02,1.131156334152210730e-01,2.796072515303821282e-01,3.613727516436682774e-01,2.742885602153026237e-01,2.516173878433310973e-01,8.932105958394905010e-02,-3.071643436399753013e-01,1.659828913592553135e-01,1.946907090115498895e-01,-2.318424209974161709e-01,-1.289441704370615505e-01,-2.061818775565497086e-01,4.956181252008184934e-01,1.971169345658609906e-01,-1.409538479770840180e-01,-3.053446974126846625e-01,-1.594560799553939034e-01,-2.588728335388933988e-01,3.308252479152213876e-01,-3.118217705344150104e-01,-1.214082413963931684e-01,3.493250968483115060e-02,-2.485613717361286612e-01,-3.312067281527046880e-01,4.611312714796012013e-01,4.036723258642945789e-01,-4.731358884592273273e-01,3.337456131599146614e-02,-4.565197251881583096e-01,-6.625821277386748087e-02,-3.906101097049403115e-01,3.045248792266169180e-01,-2.984258227317213019e-01,-1.993886207172824165e-01,-4.141819931654912024e-01,4.682195284959436710e-01,2.890265402901523060e-04,-7.780149060927017690e-02,5.285256170413467347e-02,-3.206616059833359289e-01,2.972514605036397084e-01,-2.128551523187294514e-01,3.468283447823117260e-01,2.391864593213152979e-01,-2.053551704603072126e-01,-1.395751245185170367e-02,-2.052255607241392221e-01,4.401970943668533365e-01,3.486954381951514192e-01,3.883928977441683528e-02,1.897376719157832792e-01,-4.223647974961505236e-01,3.007332628751667181e-01,-1.417360746092772850e-01,-2.313091055131961948e-01,-1.722909291959037470e-01,3.890912123145742751e-01,-3.967222106876504562e-01,4.865198617952959936e-01,-3.630916047288251791e-02,1.273194325772548929e-01,6.682829574034016874e-03,-4.373017181906734274e-01,2.655937250652213866e-01,-9.924603403576487404e-02,-1.788265765538010754e-02,3.213778053661811573e-01,-1.884550255642649941e-01,-3.593889593894682433e-01,-4.543757631579686818e-01,1.900900168843478455e-01,-4.331023838658174530e-01,9.339482134547372194e-02,-4.321193607898881073e-01,-3.869202533109821762e-01,-1.062529616676827215e-01,-2.075839655615528412e-01,-3.929548815131469475e-01,4.417683866640320089e-01,4.464718436567000626e-01,4.626663885262186637e-01,4.799748674995913955e-01,4.096269204217026227e-01,6.599925362475622670e-02,-9.580591984306931208e-02,2.417633282963187191e-01,2.403149061816379009e-02
-2.726687126821099039e-01,2.756596773598773420e-01,-3.369864430501745001e-01,1.517097201507714710e-01,4.497574063074925577e-01,3.529128712090438130e-02,-3.544751077791157834e-01,-1.416901013784200303e-01,1.067505858354887011e-02,-6.729633973071143249e-02,-3.502580525396686850e-01,9.834162152405953594e-02,3.800125583027749721e-01,4.716795234182523666e-01,-3.187858186298892504e-01,1.583084757929281716e-01,-4.782484690515462211e-01,-3.501805357422342890e-01,1.337945695596964857e-02,1.061731147543007597e-01,-2.521386310938071862e-01,2.342679595273275683e-01,3.920863239412228363e-01,4.703542146013956482e-01,-3.960734259609012820e-01,1.836459604948905977e-01,2.299025365535221910e-02,1.980653498965975479e-01,4.336007549362049240e-01,-2.135450500423531628e-01,3.811213973673351352e-01,-4.092070418530002196e-01,-4.585419087040826236e-01,4.248453789808160908e-01,-2.412881705084112260e-01,2.106885738655090712e-01,-2.802423792294577720e-01,8.830050238273491614e-02,-1.593278980761597408e-01,2.226559365240463606e-01,2.449005495117606568e-01,4.023106210504563407e-01,3.033403009516300597e-01,-4.989828328400332247e-02,-3.728332714049491514e-01,1.713911525670650249e-01,-6.075034339390483762e-02,2.088282331719572560e-01,4.882096552177531690e-01,-1.651699931816116851e-01,-5.630773986262965769e-02,-1.565128968648743235e-01,-1.786642533536662858e-01,-2.574862553770576046e-01,-1.471328531874016021e-01,-1.381647245649991751e-01,-1.415151689243890898e-01,4.478974202864604015e-01,-1.248910597010581686e-01,-4.825807854994743629e-01,4.648257062517960336e-01,8.101852490177258170e-02,-1.919969259419616325e-01,2.937674604483381802e-01,-4.779899076125775359e-01,3.547041453436466929e-01,-3.812639112393750307e-01,-4.758018997392988170e-01,-3.564658167572576364e-01,3.351909853952362850e-01,-4.496324733404973295e-01,4.136251808055033674e-01,-2.080201815769984752e-01,-3.029795246118087704e-01,1.549923415139446703e-01,-2.575868235699340647e-01,6.520418478597214684e-02,2.639004902766094451e-01,1.675610238308183619e-01,-1.826603126593433768e-01,1.333280257593095763e-01,1.287545543078379151e-01,-4.792187064445004863e-01,-3.899804496829471084e-02,1.328641138905905239e-01,-1.184191829479124269e-01,-3.395708093233890112e-01,4.125443691888214248e-01,-4.893837095853241781e-01,3.652750853146250476e-01,-3.332973516709329398e-01,4.912846878280573426e-01,4.104344613857548452e-01,-4.081501297277089768e-01,2.675099472845437476e-01,1.678145000674002851e-01,3.652215660468087211e-01,-3.601574471820421022e-03,-1.879056798979655829e-01,2.907833228377221801e-01,2.365739879371049070e-01,3.639017294954159654e-02,4.854030546430312398e-01,2.693451593767152152e-01,-3.112557985189706462e-03,4.258394758980803552e-01,5.721639634517561475e-03,3.431198534016987045e-01,-4.500968183743148110e-01,-3.700873909016256791e-01,-2.869064223817400783e-01,-2.678906913109633803e-01,-3.597549982694950299e-01,-4.586176555539546174e-01,5.961949446453995716e-02,8.991902956943387260e-02,2.265299848323376330e-01,1.148390752544161120e-01,-4.671692764914422979e-02,-5.008811209031861778e-02,-4.860477578525420062e-01,1.163807675630421090e-01,1.359251953273817592e-01,1.258459392237221974e-01,4.616284812860634856e-01,2.033141225165976951e-01,-2.892671888565024885e-01,1.104744090728020378e-01,5.362927410587992744e-02,1.728060498972612269e-01,9.467761798120891137e-02,2.574078753944951670e-01,-4.204730203614416573e-02,6.686078941360285022e-02,4.257717264765175647e-01,-2.355268959756208758e-01,1.623721670843602527e-01,2.378735154235675497e-01,3.213460678716286156e-01,7.316357914430293707e-02,4.747272312865813415e-01,4.627324183850899386e-01,1.368956183660503985e-02,-4.778706778008166844e-02,-3.967474988787833556e-01,8.705960598212493518e-02,-1.888593316008185252e-01,1.879644982398120112e-01,2.161438283267839711e-01,3.659654823402890278e-01,2.433057157172040796e-01
